#
# There is insufficient memory for the Java Runtime Environment to continue.
# Native memory allocation (malloc) failed to allocate 1048576 bytes. Error detail: AllocateHeap
# Possible reasons:
#   The system is out of physical RAM or swap space
#   This process is running with CompressedOops enabled, and the Java Heap may be blocking the growth of the native heap
# Possible solutions:
#   Reduce memory load on the system
#   Increase physical memory or swap space
#   Check if swap backing store is full
#   Decrease Java heap size (-Xmx/-Xms)
#   Decrease number of Java threads
#   Decrease Java thread stack sizes (-Xss)
#   Set larger code cache with -XX:ReservedCodeCacheSize=
#   JVM is running with Zero Based Compressed Oops mode in which the Java heap is
#     placed in the first 32GB address space. The Java Heap base address is the
#     maximum limit for the native heap growth. Please use -XX:HeapBaseMinAddress
#     to set the Java Heap base and to place the Java Heap above 32GB virtual address.
# This output file may be truncated or incomplete.
#
#  Out of Memory Error (allocation.cpp:44), pid=16080, tid=19016
#
# JRE version: OpenJDK Runtime Environment Temurin-21.0.11+10 (21.0.11+10) (build 21.0.11+10-LTS)
# Java VM: OpenJDK 64-Bit Server VM Temurin-21.0.11+10 (21.0.11+10-LTS, mixed mode, sharing, tiered, compressed oops, compressed class ptrs, g1 gc, windows-amd64)
# No core dump will be written. Minidumps are not enabled by default on client versions of Windows
#

---------------  S U M M A R Y ------------

Command Line: --add-modules=ALL-SYSTEM --add-opens=java.base/java.util=ALL-UNNAMED --add-opens=java.base/java.lang=ALL-UNNAMED --add-opens=java.base/sun.nio.fs=ALL-UNNAMED -Declipse.application=org.eclipse.jdt.ls.core.id1 -Dosgi.bundles.defaultStartLevel=4 -Declipse.product=org.eclipse.jdt.ls.core.product -Djava.import.generatesMetadataFilesAtProjectRoot=false -DDetectVMInstallationsJob.disabled=true -Dfile.encoding=utf8 -Xlog:disable -Xmx4G -XX:+UseG1GC -XX:+UseStringDeduplication -javaagent:c:\Users\rudra\.vscode\extensions\redhat.java-1.55.0-win32-x64\lombok\lombok-1.18.39-4050.jar -XX:+HeapDumpOnOutOfMemoryError -XX:HeapDumpPath=c:\Users\rudra\AppData\Roaming\Code\User\workspaceStorage\086a3813734a799be09e0ee9bd3557e7\redhat.java -Daether.dependencyCollector.impl=bf c:\Users\rudra\.vscode\extensions\redhat.java-1.55.0-win32-x64\server\plugins\org.eclipse.equinox.launcher_1.7.200.v20260619-2039.jar -configuration c:\Users\rudra\AppData\Roaming\Code\User\globalStorage\redhat.java\1.55.0\config_win -data c:\Users\rudra\AppData\Roaming\Code\User\workspaceStorage\086a3813734a799be09e0ee9bd3557e7\redhat.java\jdt_ws --pipe=\\.\pipe\lsp-abe13b9de16577a2dfe3b70f44730d69-sock

Host: AMD Ryzen 5 7535HS with Radeon Graphics        , 12 cores, 7G,  Windows 11 , 64 bit Build 26100 (10.0.26100.9168)
Time: Thu Aug 27 10:29:16 2026 India Standard Time elapsed time: 59195.264049 seconds (0d 16h 26m 35s)

---------------  T H R E A D  ---------------

Current thread (0x0000026d5bb347e0):  JavaThread "Attach Listener" daemon [_thread_in_vm, id=19016, stack(0x000000a5ec800000,0x000000a5ec900000) (1024K)]

Stack: [0x000000a5ec800000,0x000000a5ec900000]
Native frames: (J=compiled Java code, j=interpreted, Vv=VM code, C=native code)
V  [jvm.dll+0x6d7e19]
V  [jvm.dll+0x8b5096]
V  [jvm.dll+0x8b764e]
V  [jvm.dll+0x8b7d33]
V  [jvm.dll+0x284596]
V  [jvm.dll+0xc13c7]
V  [jvm.dll+0x6d86c9]
V  [jvm.dll+0x133616]
V  [jvm.dll+0x3f868e]
V  [jvm.dll+0x85fb0d]
V  [jvm.dll+0x6d664d]
C  [ucrtbase.dll+0x2cd30]
C  [KERNEL32.DLL+0x2ccb7]
C  [ntdll.dll+0xaad6c]


---------------  P R O C E S S  ---------------

Threads class SMR info:
_java_thread_list=0x0000026db368eb90, length=49, elements={
0x0000026d4178be30, 0x0000026d5bb2e880, 0x0000026d5bb30000, 0x0000026d5bb33d80,
0x0000026d5bb347e0, 0x0000026d5bb38dc0, 0x0000026d5bb3ce50, 0x0000026d5bb485f0,
0x0000026d5bb57e80, 0x0000026d5bb69280, 0x0000026d5be250b0, 0x0000026d5bee3a50,
0x0000026da15f4a70, 0x0000026da17fe6d0, 0x0000026da17c3f30, 0x0000026da14cce30,
0x0000026da204fdb0, 0x0000026da25040c0, 0x0000026d5bd13280, 0x0000026da1077580,
0x0000026da10761d0, 0x0000026da1074100, 0x0000026da4330760, 0x0000026da432ed20,
0x0000026da432fa40, 0x0000026da4330df0, 0x0000026da43300d0, 0x0000026da4331480,
0x0000026da432e000, 0x0000026da432e690, 0x0000026da432f3b0, 0x0000026da436d300,
0x0000026da43700f0, 0x0000026da436d990, 0x0000026da436fa60, 0x0000026da436cc70,
0x0000026da4370780, 0x0000026db36d0160, 0x0000026db37223a0, 0x0000026da3353090,
0x0000026db349b420, 0x0000026da5ff0770, 0x0000026db349c7d0, 0x0000026da5ff0e00,
0x0000026db87757f0, 0x0000026db85d2ae0, 0x0000026db8775e80, 0x0000026da9da4b30,
0x0000026db392b060
}

Java Threads: ( => current thread )
  0x0000026d4178be30 JavaThread "main"                              [_thread_blocked, id=23364, stack(0x000000a5ebd00000,0x000000a5ebe00000) (1024K)]
  0x0000026d5bb2e880 JavaThread "Reference Handler"          daemon [_thread_blocked, id=21916, stack(0x000000a5ec500000,0x000000a5ec600000) (1024K)]
  0x0000026d5bb30000 JavaThread "Finalizer"                  daemon [_thread_blocked, id=10904, stack(0x000000a5ec600000,0x000000a5ec700000) (1024K)]
  0x0000026d5bb33d80 JavaThread "Signal Dispatcher"          daemon [_thread_blocked, id=4176, stack(0x000000a5ec700000,0x000000a5ec800000) (1024K)]
=>0x0000026d5bb347e0 JavaThread "Attach Listener"            daemon [_thread_in_vm, id=19016, stack(0x000000a5ec800000,0x000000a5ec900000) (1024K)]
  0x0000026d5bb38dc0 JavaThread "Service Thread"             daemon [_thread_blocked, id=8800, stack(0x000000a5ec900000,0x000000a5eca00000) (1024K)]
  0x0000026d5bb3ce50 JavaThread "Monitor Deflation Thread"   daemon [_thread_blocked, id=8500, stack(0x000000a5eca00000,0x000000a5ecb00000) (1024K)]
  0x0000026d5bb485f0 JavaThread "C2 CompilerThread0"         daemon [_thread_blocked, id=15212, stack(0x000000a5ecb00000,0x000000a5ecc00000) (1024K)]
  0x0000026d5bb57e80 JavaThread "C1 CompilerThread0"         daemon [_thread_blocked, id=4172, stack(0x000000a5ecc00000,0x000000a5ecd00000) (1024K)]
  0x0000026d5bb69280 JavaThread "StringDedupThread"          daemon [_thread_blocked, id=23220, stack(0x000000a5ecd00000,0x000000a5ece00000) (1024K)]
  0x0000026d5be250b0 JavaThread "Common-Cleaner"             daemon [_thread_blocked, id=948, stack(0x000000a5ece00000,0x000000a5ecf00000) (1024K)]
  0x0000026d5bee3a50 JavaThread "Notification Thread"        daemon [_thread_blocked, id=14436, stack(0x000000a5ecf00000,0x000000a5ed000000) (1024K)]
  0x0000026da15f4a70 JavaThread "Active Thread: Equinox Container: e9ab47d8-477b-42a2-b09a-39f80a323c1c"        [_thread_blocked, id=17216, stack(0x000000a5ed900000,0x000000a5eda00000) (1024K)]
  0x0000026da17fe6d0 JavaThread "Refresh Thread: Equinox Container: e9ab47d8-477b-42a2-b09a-39f80a323c1c" daemon [_thread_blocked, id=18288, stack(0x000000a5eda00000,0x000000a5edb00000) (1024K)]
  0x0000026da17c3f30 JavaThread "Framework Event Dispatcher: Equinox Container: e9ab47d8-477b-42a2-b09a-39f80a323c1c" daemon [_thread_blocked, id=20176, stack(0x000000a5edb00000,0x000000a5edc00000) (1024K)]
  0x0000026da14cce30 JavaThread "Start Level: Equinox Container: e9ab47d8-477b-42a2-b09a-39f80a323c1c" daemon [_thread_blocked, id=16092, stack(0x000000a5edc00000,0x000000a5edd00000) (1024K)]
  0x0000026da204fdb0 JavaThread "Bundle File Closer"         daemon [_thread_blocked, id=2732, stack(0x000000a5edd00000,0x000000a5ede00000) (1024K)]
  0x0000026da25040c0 JavaThread "SCR Component Actor"        daemon [_thread_blocked, id=9580, stack(0x000000a5ede00000,0x000000a5edf00000) (1024K)]
  0x0000026d5bd13280 JavaThread "Worker-JM"                         [_thread_blocked, id=2116, stack(0x000000a5edf00000,0x000000a5ee000000) (1024K)]
  0x0000026da1077580 JavaThread "JNA Cleaner"                daemon [_thread_blocked, id=18256, stack(0x000000a5ee000000,0x000000a5ee100000) (1024K)]
  0x0000026da10761d0 JavaThread "Java indexing"              daemon [_thread_blocked, id=16432, stack(0x000000a5ee500000,0x000000a5ee600000) (1024K)]
  0x0000026da1074100 JavaThread "Thread-1"                   daemon [_thread_in_native, id=20628, stack(0x000000a5eeb00000,0x000000a5eec00000) (1024K)]
  0x0000026da4330760 JavaThread "Thread-2"                   daemon [_thread_in_native, id=4752, stack(0x000000a5eec00000,0x000000a5eed00000) (1024K)]
  0x0000026da432ed20 JavaThread "Thread-3"                   daemon [_thread_in_native, id=16512, stack(0x000000a5eed00000,0x000000a5eee00000) (1024K)]
  0x0000026da432fa40 JavaThread "Thread-4"                   daemon [_thread_in_native, id=15296, stack(0x000000a5eee00000,0x000000a5eef00000) (1024K)]
  0x0000026da4330df0 JavaThread "Thread-5"                   daemon [_thread_in_native, id=14888, stack(0x000000a5eef00000,0x000000a5ef000000) (1024K)]
  0x0000026da43300d0 JavaThread "Thread-6"                   daemon [_thread_in_native, id=9636, stack(0x000000a5ef000000,0x000000a5ef100000) (1024K)]
  0x0000026da4331480 JavaThread "Thread-7"                   daemon [_thread_in_native, id=20064, stack(0x000000a5ef100000,0x000000a5ef200000) (1024K)]
  0x0000026da432e000 JavaThread "Thread-8"                   daemon [_thread_in_native, id=12400, stack(0x000000a5ef200000,0x000000a5ef300000) (1024K)]
  0x0000026da432e690 JavaThread "Thread-9"                   daemon [_thread_in_native, id=2880, stack(0x000000a5ef300000,0x000000a5ef400000) (1024K)]
  0x0000026da432f3b0 JavaThread "Thread-10"                  daemon [_thread_in_native, id=15172, stack(0x000000a5ef400000,0x000000a5ef500000) (1024K)]
  0x0000026da436d300 JavaThread "Thread-11"                  daemon [_thread_in_native, id=21904, stack(0x000000a5ef500000,0x000000a5ef600000) (1024K)]
  0x0000026da43700f0 JavaThread "Thread-12"                  daemon [_thread_in_native, id=22812, stack(0x000000a5ef600000,0x000000a5ef700000) (1024K)]
  0x0000026da436d990 JavaThread "Thread-13"                  daemon [_thread_in_native, id=20492, stack(0x000000a5ef700000,0x000000a5ef800000) (1024K)]
  0x0000026da436fa60 JavaThread "pool-2-thread-1"                   [_thread_blocked, id=19336, stack(0x000000a5ef800000,0x000000a5ef900000) (1024K)]
  0x0000026da436cc70 JavaThread "WorkspaceEventsHandler"            [_thread_blocked, id=3000, stack(0x000000a5efa00000,0x000000a5efb00000) (1024K)]
  0x0000026da4370780 JavaThread "pool-1-thread-1"                   [_thread_blocked, id=22888, stack(0x000000a5efb00000,0x000000a5efc00000) (1024K)]
  0x0000026db36d0160 JavaThread "Cleaner-0"                  daemon [_thread_blocked, id=27292, stack(0x000000a5efe00000,0x000000a5eff00000) (1024K)]
  0x0000026db37223a0 JavaThread "Worker-16"                         [_thread_blocked, id=13636, stack(0x000000a5eba00000,0x000000a5ebb00000) (1024K)]
  0x0000026da3353090 JavaThread "Worker-19"                         [_thread_blocked, id=11784, stack(0x000000a5ebc00000,0x000000a5ebd00000) (1024K)]
  0x0000026db349b420 JavaThread "Compiler Source File Reader" daemon [_thread_blocked, id=9532, stack(0x000000a5ebb00000,0x000000a5ebc00000) (1024K)]
  0x0000026da5ff0770 JavaThread "Worker-24"                         [_thread_blocked, id=21988, stack(0x000000a5ee100000,0x000000a5ee200000) (1024K)]
  0x0000026db349c7d0 JavaThread "Compiler Processing Task"   daemon [_thread_blocked, id=21436, stack(0x000000a5ee200000,0x000000a5ee300000) (1024K)]
  0x0000026da5ff0e00 JavaThread "Worker-25"                         [_thread_blocked, id=13224, stack(0x000000a5ee600000,0x000000a5ee700000) (1024K)]
  0x0000026db87757f0 JavaThread "Compiler Source File Reader" daemon [_thread_blocked, id=6508, stack(0x000000a5ee700000,0x000000a5ee800000) (1024K)]
  0x0000026db85d2ae0 JavaThread "Compiler Source File Reader" daemon [_thread_blocked, id=8292, stack(0x000000a5ee800000,0x000000a5ee900000) (1024K)]
  0x0000026db8775e80 JavaThread "Worker-26"                         [_thread_blocked, id=24380, stack(0x000000a5ee900000,0x000000a5eea00000) (1024K)]
  0x0000026da9da4b30 JavaThread "Compiler Source File Reader" daemon [_thread_blocked, id=23260, stack(0x000000a5eea00000,0x000000a5eeb00000) (1024K)]
  0x0000026db392b060 JavaThread "Compiler Source File Reader" daemon [_thread_blocked, id=31624, stack(0x000000a5ef900000,0x000000a5efa00000) (1024K)]
Total: 49

Other Threads:
  0x0000026d5bb0e2a0 VMThread "VM Thread"                           [id=2964, stack(0x000000a5ec400000,0x000000a5ec500000) (1024K)]
  0x0000026d5bafa490 WatcherThread "VM Periodic Task Thread"        [id=18108, stack(0x000000a5ec300000,0x000000a5ec400000) (1024K)]
  0x0000026d417fbfe0 WorkerThread "GC Thread#0"                     [id=9188, stack(0x000000a5ebe00000,0x000000a5ebf00000) (1024K)]
  0x0000026d5bf00d30 WorkerThread "GC Thread#1"                     [id=9052, stack(0x000000a5ed000000,0x000000a5ed100000) (1024K)]
  0x0000026d5bf034f0 WorkerThread "GC Thread#2"                     [id=21288, stack(0x000000a5ed100000,0x000000a5ed200000) (1024K)]
  0x0000026d5bf038a0 WorkerThread "GC Thread#3"                     [id=4884, stack(0x000000a5ed200000,0x000000a5ed300000) (1024K)]
  0x0000026d5bf03c50 WorkerThread "GC Thread#4"                     [id=19224, stack(0x000000a5ed300000,0x000000a5ed400000) (1024K)]
  0x0000026d5bf04000 WorkerThread "GC Thread#5"                     [id=19480, stack(0x000000a5ed400000,0x000000a5ed500000) (1024K)]
  0x0000026da10128e0 WorkerThread "GC Thread#6"                     [id=5504, stack(0x000000a5ed500000,0x000000a5ed600000) (1024K)]
  0x0000026da1013090 WorkerThread "GC Thread#7"                     [id=22884, stack(0x000000a5ed600000,0x000000a5ed700000) (1024K)]
  0x0000026da1013440 WorkerThread "GC Thread#8"                     [id=11764, stack(0x000000a5ed700000,0x000000a5ed800000) (1024K)]
  0x0000026da100b8f0 WorkerThread "GC Thread#9"                     [id=12788, stack(0x000000a5ed800000,0x000000a5ed900000) (1024K)]
  0x0000026d4180cee0 ConcurrentGCThread "G1 Main Marker"            [id=10108, stack(0x000000a5ebf00000,0x000000a5ec000000) (1024K)]
  0x0000026d4180ef20 WorkerThread "G1 Conc#0"                       [id=14748, stack(0x000000a5ec000000,0x000000a5ec100000) (1024K)]
  0x0000026da235f900 WorkerThread "G1 Conc#1"                       [id=19672, stack(0x000000a5ee300000,0x000000a5ee400000) (1024K)]
  0x0000026da2360410 WorkerThread "G1 Conc#2"                       [id=19248, stack(0x000000a5ee400000,0x000000a5ee500000) (1024K)]
  0x0000026d5b9c5f70 ConcurrentGCThread "G1 Refine#0"               [id=17068, stack(0x000000a5ec100000,0x000000a5ec200000) (1024K)]
  0x0000026d5b9c7a10 ConcurrentGCThread "G1 Service"                [id=4668, stack(0x000000a5ec200000,0x000000a5ec300000) (1024K)]
Total: 18

Threads with active compile tasks:
Total: 0

VM state: not at safepoint (normal execution)

VM Mutex/Monitor currently owned by a thread: None

Heap address: 0x0000000700000000, size: 4096 MB, Compressed Oops mode: Zero based, Oop shift amount: 3

CDS archive(s) mapped at: [0x0000026d5c000000-0x0000026d5cba0000-0x0000026d5cba0000), size 12189696, SharedBaseAddress: 0x0000026d5c000000, ArchiveRelocationMode: 1.
Compressed class space mapped at: 0x0000026d5d000000-0x0000026d9d000000, reserved size: 1073741824
Narrow klass base: 0x0000026d5c000000, Narrow klass shift: 0, Narrow klass range: 0x100000000

GC Precious Log:
 CardTable entry size: 512
 Card Set container configuration: InlinePtr #cards 4 size 8 Array Of Cards #cards 16 size 48 Howl #buckets 8 coarsen threshold 3686 Howl Bitmap #cards 512 size 80 coarsen threshold 460 Card regions per heap region 1 cards per card region 4096
 CPUs: 12 total, 12 available
 Memory: 7381M
 Large Page Support: Disabled
 NUMA Support: Disabled
 Compressed Oops: Enabled (Zero based)
 Heap Region Size: 2M
 Heap Min Capacity: 8M
 Heap Initial Capacity: 116M
 Heap Max Capacity: 4G
 Pre-touch: Disabled
 Parallel Workers: 10
 Concurrent Workers: 3
 Concurrent Refinement Workers: 10
 Periodic GC: Disabled
 String Deduplication is enabled

Heap:
 garbage-first heap   total 905216K, used 414969K [0x0000000700000000, 0x0000000800000000)
  region size 2048K, 42 young (86016K), 2 survivors (4096K)
 Metaspace       used 87312K, committed 88960K, reserved 1179648K
  class space    used 8758K, committed 9472K, reserved 1048576K

Heap Regions: E=young(eden), S=young(survivor), O=old, HS=humongous(starts), HC=humongous(continues), CS=collection set, F=free, TAMS=top-at-mark-start, PB=parsable bottom
|   0|0x0000000700000000, 0x0000000700200000, 0x0000000700200000|100%| O|  |TAMS 0x0000000700000000| PB 0x0000000700000000| Untracked 
|   1|0x0000000700200000, 0x0000000700400000, 0x0000000700400000|100%| O|  |TAMS 0x0000000700200000| PB 0x0000000700200000| Untracked 
|   2|0x0000000700400000, 0x0000000700600000, 0x0000000700600000|100%| O|  |TAMS 0x0000000700400000| PB 0x0000000700400000| Untracked 
|   3|0x0000000700600000, 0x0000000700800000, 0x0000000700800000|100%| O|  |TAMS 0x0000000700600000| PB 0x0000000700600000| Untracked 
|   4|0x0000000700800000, 0x0000000700a00000, 0x0000000700a00000|100%| O|  |TAMS 0x0000000700800000| PB 0x0000000700800000| Untracked 
|   5|0x0000000700a00000, 0x0000000700c00000, 0x0000000700c00000|100%| O|  |TAMS 0x0000000700a00000| PB 0x0000000700a00000| Untracked 
|   6|0x0000000700c00000, 0x0000000700e00000, 0x0000000700e00000|100%| O|  |TAMS 0x0000000700c00000| PB 0x0000000700c00000| Untracked 
|   7|0x0000000700e00000, 0x0000000701000000, 0x0000000701000000|100%| O|  |TAMS 0x0000000700e00000| PB 0x0000000700e00000| Untracked 
|   8|0x0000000701000000, 0x0000000701200000, 0x0000000701200000|100%| O|  |TAMS 0x0000000701000000| PB 0x0000000701000000| Untracked 
|   9|0x0000000701200000, 0x0000000701400000, 0x0000000701400000|100%| O|  |TAMS 0x0000000701200000| PB 0x0000000701200000| Untracked 
|  10|0x0000000701400000, 0x0000000701600000, 0x0000000701600000|100%| O|  |TAMS 0x0000000701400000| PB 0x0000000701400000| Untracked 
|  11|0x0000000701600000, 0x0000000701800000, 0x0000000701800000|100%| O|  |TAMS 0x0000000701600000| PB 0x0000000701600000| Untracked 
|  12|0x0000000701800000, 0x0000000701a00000, 0x0000000701a00000|100%| O|  |TAMS 0x0000000701800000| PB 0x0000000701800000| Untracked 
|  13|0x0000000701a00000, 0x0000000701c00000, 0x0000000701c00000|100%| O|  |TAMS 0x0000000701a00000| PB 0x0000000701a00000| Untracked 
|  14|0x0000000701c00000, 0x0000000701e00000, 0x0000000701e00000|100%| O|  |TAMS 0x0000000701c00000| PB 0x0000000701c00000| Untracked 
|  15|0x0000000701e00000, 0x0000000702000000, 0x0000000702000000|100%| O|  |TAMS 0x0000000701e00000| PB 0x0000000701e00000| Untracked 
|  16|0x0000000702000000, 0x0000000702200000, 0x0000000702200000|100%| O|  |TAMS 0x0000000702000000| PB 0x0000000702000000| Untracked 
|  17|0x0000000702200000, 0x0000000702400000, 0x0000000702400000|100%| O|  |TAMS 0x0000000702200000| PB 0x0000000702200000| Untracked 
|  18|0x0000000702400000, 0x0000000702600000, 0x0000000702600000|100%| O|  |TAMS 0x0000000702400000| PB 0x0000000702400000| Untracked 
|  19|0x0000000702600000, 0x0000000702800000, 0x0000000702800000|100%| O|  |TAMS 0x0000000702600000| PB 0x0000000702600000| Untracked 
|  20|0x0000000702800000, 0x0000000702a00000, 0x0000000702a00000|100%| O|  |TAMS 0x0000000702800000| PB 0x0000000702800000| Untracked 
|  21|0x0000000702a00000, 0x0000000702c00000, 0x0000000702c00000|100%| O|  |TAMS 0x0000000702a00000| PB 0x0000000702a00000| Untracked 
|  22|0x0000000702c00000, 0x0000000702e00000, 0x0000000702e00000|100%| O|  |TAMS 0x0000000702c00000| PB 0x0000000702c00000| Untracked 
|  23|0x0000000702e00000, 0x0000000703000000, 0x0000000703000000|100%| O|  |TAMS 0x0000000702e00000| PB 0x0000000702e00000| Untracked 
|  24|0x0000000703000000, 0x0000000703200000, 0x0000000703200000|100%| O|  |TAMS 0x0000000703000000| PB 0x0000000703000000| Untracked 
|  25|0x0000000703200000, 0x0000000703400000, 0x0000000703400000|100%| O|  |TAMS 0x0000000703200000| PB 0x0000000703200000| Untracked 
|  26|0x0000000703400000, 0x0000000703600000, 0x0000000703600000|100%| O|  |TAMS 0x0000000703400000| PB 0x0000000703400000| Untracked 
|  27|0x0000000703600000, 0x0000000703800000, 0x0000000703800000|100%| O|  |TAMS 0x0000000703600000| PB 0x0000000703600000| Untracked 
|  28|0x0000000703800000, 0x0000000703a00000, 0x0000000703a00000|100%| O|  |TAMS 0x0000000703800000| PB 0x0000000703800000| Untracked 
|  29|0x0000000703a00000, 0x0000000703c00000, 0x0000000703c00000|100%| O|  |TAMS 0x0000000703a00000| PB 0x0000000703a00000| Untracked 
|  30|0x0000000703c00000, 0x0000000703e00000, 0x0000000703e00000|100%| O|  |TAMS 0x0000000703c00000| PB 0x0000000703c00000| Untracked 
|  31|0x0000000703e00000, 0x0000000704000000, 0x0000000704000000|100%| O|  |TAMS 0x0000000703e00000| PB 0x0000000703e00000| Untracked 
|  32|0x0000000704000000, 0x0000000704200000, 0x0000000704200000|100%| O|  |TAMS 0x0000000704000000| PB 0x0000000704000000| Untracked 
|  33|0x0000000704200000, 0x0000000704400000, 0x0000000704400000|100%| O|  |TAMS 0x0000000704200000| PB 0x0000000704200000| Untracked 
|  34|0x0000000704400000, 0x0000000704600000, 0x0000000704600000|100%| O|  |TAMS 0x0000000704400000| PB 0x0000000704400000| Untracked 
|  35|0x0000000704600000, 0x0000000704800000, 0x0000000704800000|100%| O|Cm|TAMS 0x0000000704600000| PB 0x0000000704600000| Complete 
|  36|0x0000000704800000, 0x0000000704a00000, 0x0000000704a00000|100%| O|Cm|TAMS 0x0000000704800000| PB 0x0000000704800000| Complete 
|  37|0x0000000704a00000, 0x0000000704c00000, 0x0000000704c00000|100%| O|  |TAMS 0x0000000704a00000| PB 0x0000000704a00000| Untracked 
|  38|0x0000000704c00000, 0x0000000704e00000, 0x0000000704e00000|100%| O|Cm|TAMS 0x0000000704c00000| PB 0x0000000704c00000| Complete 
|  39|0x0000000704e00000, 0x0000000705000000, 0x0000000705000000|100%| O|  |TAMS 0x0000000704e00000| PB 0x0000000704e00000| Untracked 
|  40|0x0000000705000000, 0x0000000705200000, 0x0000000705200000|100%| O|  |TAMS 0x0000000705000000| PB 0x0000000705000000| Untracked 
|  41|0x0000000705200000, 0x0000000705400000, 0x0000000705400000|100%| O|Cm|TAMS 0x0000000705200000| PB 0x0000000705200000| Complete 
|  42|0x0000000705400000, 0x0000000705600000, 0x0000000705600000|100%| O|  |TAMS 0x0000000705400000| PB 0x0000000705400000| Untracked 
|  43|0x0000000705600000, 0x0000000705800000, 0x0000000705800000|100%| O|  |TAMS 0x0000000705600000| PB 0x0000000705600000| Untracked 
|  44|0x0000000705800000, 0x0000000705a00000, 0x0000000705a00000|100%| O|Cm|TAMS 0x0000000705800000| PB 0x0000000705800000| Complete 
|  45|0x0000000705a00000, 0x0000000705c00000, 0x0000000705c00000|100%| O|Cm|TAMS 0x0000000705a00000| PB 0x0000000705a00000| Complete 
|  46|0x0000000705c00000, 0x0000000705e00000, 0x0000000705e00000|100%| O|Cm|TAMS 0x0000000705c00000| PB 0x0000000705c00000| Complete 
|  47|0x0000000705e00000, 0x0000000706000000, 0x0000000706000000|100%| O|Cm|TAMS 0x0000000705e00000| PB 0x0000000705e00000| Complete 
|  48|0x0000000706000000, 0x0000000706200000, 0x0000000706200000|100%| O|Cm|TAMS 0x0000000706000000| PB 0x0000000706000000| Complete 
|  49|0x0000000706200000, 0x0000000706400000, 0x0000000706400000|100%| O|  |TAMS 0x0000000706200000| PB 0x0000000706200000| Untracked 
|  50|0x0000000706400000, 0x0000000706600000, 0x0000000706600000|100%| O|Cm|TAMS 0x0000000706400000| PB 0x0000000706400000| Complete 
|  51|0x0000000706600000, 0x0000000706800000, 0x0000000706800000|100%| O|  |TAMS 0x0000000706600000| PB 0x0000000706600000| Untracked 
|  52|0x0000000706800000, 0x0000000706a00000, 0x0000000706a00000|100%| O|  |TAMS 0x0000000706800000| PB 0x0000000706800000| Untracked 
|  53|0x0000000706a00000, 0x0000000706c00000, 0x0000000706c00000|100%| O|  |TAMS 0x0000000706a00000| PB 0x0000000706a00000| Untracked 
|  54|0x0000000706c00000, 0x0000000706e00000, 0x0000000706e00000|100%| O|Cm|TAMS 0x0000000706c00000| PB 0x0000000706c00000| Complete 
|  55|0x0000000706e00000, 0x0000000707000000, 0x0000000707000000|100%| O|Cm|TAMS 0x0000000706e00000| PB 0x0000000706e00000| Complete 
|  56|0x0000000707000000, 0x0000000707200000, 0x0000000707200000|100%| O|  |TAMS 0x0000000707000000| PB 0x0000000707000000| Untracked 
|  57|0x0000000707200000, 0x0000000707400000, 0x0000000707400000|100%| O|  |TAMS 0x0000000707200000| PB 0x0000000707200000| Untracked 
|  58|0x0000000707400000, 0x0000000707600000, 0x0000000707600000|100%| O|  |TAMS 0x0000000707400000| PB 0x0000000707400000| Untracked 
|  59|0x0000000707600000, 0x0000000707800000, 0x0000000707800000|100%| O|  |TAMS 0x0000000707600000| PB 0x0000000707600000| Untracked 
|  60|0x0000000707800000, 0x0000000707a00000, 0x0000000707a00000|100%| O|  |TAMS 0x0000000707800000| PB 0x0000000707800000| Untracked 
|  61|0x0000000707a00000, 0x0000000707c00000, 0x0000000707c00000|100%| O|Cm|TAMS 0x0000000707a00000| PB 0x0000000707a00000| Complete 
|  62|0x0000000707c00000, 0x0000000707e00000, 0x0000000707e00000|100%| O|Cm|TAMS 0x0000000707c00000| PB 0x0000000707c00000| Complete 
|  63|0x0000000707e00000, 0x0000000708000000, 0x0000000708000000|100%| O|Cm|TAMS 0x0000000707e00000| PB 0x0000000707e00000| Complete 
|  64|0x0000000708000000, 0x0000000708200000, 0x0000000708200000|100%| O|Cm|TAMS 0x0000000708000000| PB 0x0000000708000000| Complete 
|  65|0x0000000708200000, 0x0000000708400000, 0x0000000708400000|100%| O|Cm|TAMS 0x0000000708200000| PB 0x0000000708200000| Complete 
|  66|0x0000000708400000, 0x0000000708600000, 0x0000000708600000|100%| O|Cm|TAMS 0x0000000708400000| PB 0x0000000708400000| Complete 
|  67|0x0000000708600000, 0x0000000708800000, 0x0000000708800000|100%| O|Cm|TAMS 0x0000000708600000| PB 0x0000000708600000| Complete 
|  68|0x0000000708800000, 0x0000000708a00000, 0x0000000708a00000|100%| O|  |TAMS 0x0000000708800000| PB 0x0000000708800000| Untracked 
|  69|0x0000000708a00000, 0x0000000708c00000, 0x0000000708c00000|100%| O|Cm|TAMS 0x0000000708a00000| PB 0x0000000708a00000| Complete 
|  70|0x0000000708c00000, 0x0000000708e00000, 0x0000000708e00000|100%| O|Cm|TAMS 0x0000000708c00000| PB 0x0000000708c00000| Complete 
|  71|0x0000000708e00000, 0x0000000709000000, 0x0000000709000000|100%| O|Cm|TAMS 0x0000000708e00000| PB 0x0000000708e00000| Complete 
|  72|0x0000000709000000, 0x0000000709200000, 0x0000000709200000|100%| O|Cm|TAMS 0x0000000709000000| PB 0x0000000709000000| Complete 
|  73|0x0000000709200000, 0x0000000709400000, 0x0000000709400000|100%| O|Cm|TAMS 0x0000000709200000| PB 0x0000000709200000| Complete 
|  74|0x0000000709400000, 0x0000000709600000, 0x0000000709600000|100%| O|  |TAMS 0x0000000709400000| PB 0x0000000709400000| Untracked 
|  75|0x0000000709600000, 0x0000000709800000, 0x0000000709800000|100%| O|Cm|TAMS 0x0000000709600000| PB 0x0000000709600000| Complete 
|  76|0x0000000709800000, 0x0000000709a00000, 0x0000000709a00000|100%| O|  |TAMS 0x0000000709800000| PB 0x0000000709800000| Untracked 
|  77|0x0000000709a00000, 0x0000000709c00000, 0x0000000709c00000|100%| O|Cm|TAMS 0x0000000709a00000| PB 0x0000000709a00000| Complete 
|  78|0x0000000709c00000, 0x0000000709e00000, 0x0000000709e00000|100%| O|Cm|TAMS 0x0000000709c00000| PB 0x0000000709c00000| Complete 
|  79|0x0000000709e00000, 0x000000070a000000, 0x000000070a000000|100%| O|Cm|TAMS 0x0000000709e00000| PB 0x0000000709e00000| Complete 
|  80|0x000000070a000000, 0x000000070a200000, 0x000000070a200000|100%| O|Cm|TAMS 0x000000070a000000| PB 0x000000070a000000| Complete 
|  81|0x000000070a200000, 0x000000070a400000, 0x000000070a400000|100%| O|Cm|TAMS 0x000000070a200000| PB 0x000000070a200000| Complete 
|  82|0x000000070a400000, 0x000000070a600000, 0x000000070a600000|100%| O|Cm|TAMS 0x000000070a400000| PB 0x000000070a400000| Complete 
|  83|0x000000070a600000, 0x000000070a800000, 0x000000070a800000|100%| O|  |TAMS 0x000000070a600000| PB 0x000000070a600000| Untracked 
|  84|0x000000070a800000, 0x000000070aa00000, 0x000000070aa00000|100%| O|Cm|TAMS 0x000000070a800000| PB 0x000000070a800000| Complete 
|  85|0x000000070aa00000, 0x000000070ac00000, 0x000000070ac00000|100%| O|Cm|TAMS 0x000000070aa00000| PB 0x000000070aa00000| Complete 
|  86|0x000000070ac00000, 0x000000070ae00000, 0x000000070ae00000|100%| O|Cm|TAMS 0x000000070ac00000| PB 0x000000070ac00000| Complete 
|  87|0x000000070ae00000, 0x000000070ae00000, 0x000000070b000000|  0%| F|  |TAMS 0x000000070ae00000| PB 0x000000070ae00000| Untracked 
|  88|0x000000070b000000, 0x000000070b000000, 0x000000070b200000|  0%| F|  |TAMS 0x000000070b000000| PB 0x000000070b000000| Untracked 
|  89|0x000000070b200000, 0x000000070b200000, 0x000000070b400000|  0%| F|  |TAMS 0x000000070b200000| PB 0x000000070b200000| Untracked 
|  90|0x000000070b400000, 0x000000070b400000, 0x000000070b600000|  0%| F|  |TAMS 0x000000070b400000| PB 0x000000070b400000| Untracked 
|  91|0x000000070b600000, 0x000000070b800000, 0x000000070b800000|100%| O|Cm|TAMS 0x000000070b600000| PB 0x000000070b600000| Complete 
|  92|0x000000070b800000, 0x000000070b8698d8, 0x000000070ba00000| 20%| O|  |TAMS 0x000000070b800000| PB 0x000000070b800000| Untracked 
|  93|0x000000070ba00000, 0x000000070ba00000, 0x000000070bc00000|  0%| F|  |TAMS 0x000000070ba00000| PB 0x000000070ba00000| Untracked 
|  94|0x000000070bc00000, 0x000000070be00000, 0x000000070be00000|100%| O|  |TAMS 0x000000070bc00000| PB 0x000000070bc00000| Untracked 
|  95|0x000000070be00000, 0x000000070c000000, 0x000000070c000000|100%| O|  |TAMS 0x000000070be00000| PB 0x000000070be00000| Untracked 
|  96|0x000000070c000000, 0x000000070c200000, 0x000000070c200000|100%| O|  |TAMS 0x000000070c000000| PB 0x000000070c000000| Untracked 
|  97|0x000000070c200000, 0x000000070c400000, 0x000000070c400000|100%| O|Cm|TAMS 0x000000070c200000| PB 0x000000070c200000| Complete 
|  98|0x000000070c400000, 0x000000070c600000, 0x000000070c600000|100%| O|  |TAMS 0x000000070c400000| PB 0x000000070c400000| Untracked 
|  99|0x000000070c600000, 0x000000070c800000, 0x000000070c800000|100%| O|Cm|TAMS 0x000000070c600000| PB 0x000000070c600000| Complete 
| 100|0x000000070c800000, 0x000000070ca00000, 0x000000070ca00000|100%| O|Cm|TAMS 0x000000070c800000| PB 0x000000070c800000| Complete 
| 101|0x000000070ca00000, 0x000000070ca00000, 0x000000070cc00000|  0%| F|  |TAMS 0x000000070ca00000| PB 0x000000070ca00000| Untracked 
| 102|0x000000070cc00000, 0x000000070cc00000, 0x000000070ce00000|  0%| F|  |TAMS 0x000000070cc00000| PB 0x000000070cc00000| Untracked 
| 103|0x000000070ce00000, 0x000000070ce00000, 0x000000070d000000|  0%| F|  |TAMS 0x000000070ce00000| PB 0x000000070ce00000| Untracked 
| 104|0x000000070d000000, 0x000000070d000000, 0x000000070d200000|  0%| F|  |TAMS 0x000000070d000000| PB 0x000000070d000000| Untracked 
| 105|0x000000070d200000, 0x000000070d400000, 0x000000070d400000|100%| O|Cm|TAMS 0x000000070d200000| PB 0x000000070d200000| Complete 
| 106|0x000000070d400000, 0x000000070d600000, 0x000000070d600000|100%| O|Cm|TAMS 0x000000070d400000| PB 0x000000070d400000| Complete 
| 107|0x000000070d600000, 0x000000070d800000, 0x000000070d800000|100%| O|Cm|TAMS 0x000000070d600000| PB 0x000000070d600000| Complete 
| 108|0x000000070d800000, 0x000000070da00000, 0x000000070da00000|100%| O|Cm|TAMS 0x000000070d800000| PB 0x000000070d800000| Complete 
| 109|0x000000070da00000, 0x000000070da00000, 0x000000070dc00000|  0%| F|  |TAMS 0x000000070da00000| PB 0x000000070da00000| Untracked 
| 110|0x000000070dc00000, 0x000000070dc00000, 0x000000070de00000|  0%| F|  |TAMS 0x000000070dc00000| PB 0x000000070dc00000| Untracked 
| 111|0x000000070de00000, 0x000000070de00000, 0x000000070e000000|  0%| F|  |TAMS 0x000000070de00000| PB 0x000000070de00000| Untracked 
| 112|0x000000070e000000, 0x000000070e200000, 0x000000070e200000|100%| O|  |TAMS 0x000000070e000000| PB 0x000000070e000000| Untracked 
| 113|0x000000070e200000, 0x000000070e200000, 0x000000070e400000|  0%| F|  |TAMS 0x000000070e200000| PB 0x000000070e200000| Untracked 
| 114|0x000000070e400000, 0x000000070e400000, 0x000000070e600000|  0%| F|  |TAMS 0x000000070e400000| PB 0x000000070e400000| Untracked 
| 115|0x000000070e600000, 0x000000070e600000, 0x000000070e800000|  0%| F|  |TAMS 0x000000070e600000| PB 0x000000070e600000| Untracked 
| 116|0x000000070e800000, 0x000000070e800000, 0x000000070ea00000|  0%| F|  |TAMS 0x000000070e800000| PB 0x000000070e800000| Untracked 
| 117|0x000000070ea00000, 0x000000070ea00000, 0x000000070ec00000|  0%| F|  |TAMS 0x000000070ea00000| PB 0x000000070ea00000| Untracked 
| 118|0x000000070ec00000, 0x000000070ee00000, 0x000000070ee00000|100%| O|Cm|TAMS 0x000000070ec00000| PB 0x000000070ec00000| Complete 
| 119|0x000000070ee00000, 0x000000070ee00000, 0x000000070f000000|  0%| F|  |TAMS 0x000000070ee00000| PB 0x000000070ee00000| Untracked 
| 120|0x000000070f000000, 0x000000070f000000, 0x000000070f200000|  0%| F|  |TAMS 0x000000070f000000| PB 0x000000070f000000| Untracked 
| 121|0x000000070f200000, 0x000000070f200000, 0x000000070f400000|  0%| F|  |TAMS 0x000000070f200000| PB 0x000000070f200000| Untracked 
| 122|0x000000070f400000, 0x000000070f400000, 0x000000070f600000|  0%| F|  |TAMS 0x000000070f400000| PB 0x000000070f400000| Untracked 
| 123|0x000000070f600000, 0x000000070f600000, 0x000000070f800000|  0%| F|  |TAMS 0x000000070f600000| PB 0x000000070f600000| Untracked 
| 124|0x000000070f800000, 0x000000070f800000, 0x000000070fa00000|  0%| F|  |TAMS 0x000000070f800000| PB 0x000000070f800000| Untracked 
| 125|0x000000070fa00000, 0x000000070fa00000, 0x000000070fc00000|  0%| F|  |TAMS 0x000000070fa00000| PB 0x000000070fa00000| Untracked 
| 126|0x000000070fc00000, 0x000000070fe00000, 0x000000070fe00000|100%| O|Cm|TAMS 0x000000070fc00000| PB 0x000000070fc00000| Complete 
| 127|0x000000070fe00000, 0x000000070fe00000, 0x0000000710000000|  0%| F|  |TAMS 0x000000070fe00000| PB 0x000000070fe00000| Untracked 
| 128|0x0000000710000000, 0x0000000710000000, 0x0000000710200000|  0%| F|  |TAMS 0x0000000710000000| PB 0x0000000710000000| Untracked 
| 129|0x0000000710200000, 0x0000000710200000, 0x0000000710400000|  0%| F|  |TAMS 0x0000000710200000| PB 0x0000000710200000| Untracked 
| 130|0x0000000710400000, 0x0000000710400000, 0x0000000710600000|  0%| F|  |TAMS 0x0000000710400000| PB 0x0000000710400000| Untracked 
| 131|0x0000000710600000, 0x0000000710600000, 0x0000000710800000|  0%| F|  |TAMS 0x0000000710600000| PB 0x0000000710600000| Untracked 
| 132|0x0000000710800000, 0x0000000710800000, 0x0000000710a00000|  0%| F|  |TAMS 0x0000000710800000| PB 0x0000000710800000| Untracked 
| 133|0x0000000710a00000, 0x0000000710a00000, 0x0000000710c00000|  0%| F|  |TAMS 0x0000000710a00000| PB 0x0000000710a00000| Untracked 
| 134|0x0000000710c00000, 0x0000000710c00000, 0x0000000710e00000|  0%| F|  |TAMS 0x0000000710c00000| PB 0x0000000710c00000| Untracked 
| 135|0x0000000710e00000, 0x0000000710e00000, 0x0000000711000000|  0%| F|  |TAMS 0x0000000710e00000| PB 0x0000000710e00000| Untracked 
| 136|0x0000000711000000, 0x0000000711000000, 0x0000000711200000|  0%| F|  |TAMS 0x0000000711000000| PB 0x0000000711000000| Untracked 
| 137|0x0000000711200000, 0x0000000711400000, 0x0000000711400000|100%| O|  |TAMS 0x0000000711200000| PB 0x0000000711200000| Untracked 
| 138|0x0000000711400000, 0x0000000711400000, 0x0000000711600000|  0%| F|  |TAMS 0x0000000711400000| PB 0x0000000711400000| Untracked 
| 139|0x0000000711600000, 0x0000000711800000, 0x0000000711800000|100%| O|Cm|TAMS 0x0000000711600000| PB 0x0000000711600000| Complete 
| 140|0x0000000711800000, 0x0000000711800000, 0x0000000711a00000|  0%| F|  |TAMS 0x0000000711800000| PB 0x0000000711800000| Untracked 
| 141|0x0000000711a00000, 0x0000000711c00000, 0x0000000711c00000|100%| O|Cm|TAMS 0x0000000711a00000| PB 0x0000000711a00000| Complete 
| 142|0x0000000711c00000, 0x0000000711c00000, 0x0000000711e00000|  0%| F|  |TAMS 0x0000000711c00000| PB 0x0000000711c00000| Untracked 
| 143|0x0000000711e00000, 0x0000000711e00000, 0x0000000712000000|  0%| F|  |TAMS 0x0000000711e00000| PB 0x0000000711e00000| Untracked 
| 144|0x0000000712000000, 0x0000000712000000, 0x0000000712200000|  0%| F|  |TAMS 0x0000000712000000| PB 0x0000000712000000| Untracked 
| 145|0x0000000712200000, 0x0000000712200000, 0x0000000712400000|  0%| F|  |TAMS 0x0000000712200000| PB 0x0000000712200000| Untracked 
| 146|0x0000000712400000, 0x0000000712400000, 0x0000000712600000|  0%| F|  |TAMS 0x0000000712400000| PB 0x0000000712400000| Untracked 
| 147|0x0000000712600000, 0x0000000712600000, 0x0000000712800000|  0%| F|  |TAMS 0x0000000712600000| PB 0x0000000712600000| Untracked 
| 148|0x0000000712800000, 0x0000000712800000, 0x0000000712a00000|  0%| F|  |TAMS 0x0000000712800000| PB 0x0000000712800000| Untracked 
| 149|0x0000000712a00000, 0x0000000712a00000, 0x0000000712c00000|  0%| F|  |TAMS 0x0000000712a00000| PB 0x0000000712a00000| Untracked 
| 150|0x0000000712c00000, 0x0000000712c00000, 0x0000000712e00000|  0%| F|  |TAMS 0x0000000712c00000| PB 0x0000000712c00000| Untracked 
| 151|0x0000000712e00000, 0x0000000712e00000, 0x0000000713000000|  0%| F|  |TAMS 0x0000000712e00000| PB 0x0000000712e00000| Untracked 
| 152|0x0000000713000000, 0x0000000713000000, 0x0000000713200000|  0%| F|  |TAMS 0x0000000713000000| PB 0x0000000713000000| Untracked 
| 153|0x0000000713200000, 0x0000000713200000, 0x0000000713400000|  0%| F|  |TAMS 0x0000000713200000| PB 0x0000000713200000| Untracked 
| 154|0x0000000713400000, 0x0000000713400000, 0x0000000713600000|  0%| F|  |TAMS 0x0000000713400000| PB 0x0000000713400000| Untracked 
| 155|0x0000000713600000, 0x0000000713600000, 0x0000000713800000|  0%| F|  |TAMS 0x0000000713600000| PB 0x0000000713600000| Untracked 
| 156|0x0000000713800000, 0x0000000713800000, 0x0000000713a00000|  0%| F|  |TAMS 0x0000000713800000| PB 0x0000000713800000| Untracked 
| 157|0x0000000713a00000, 0x0000000713c00000, 0x0000000713c00000|100%| O|Cm|TAMS 0x0000000713a00000| PB 0x0000000713a00000| Complete 
| 158|0x0000000713c00000, 0x0000000713c00000, 0x0000000713e00000|  0%| F|  |TAMS 0x0000000713c00000| PB 0x0000000713c00000| Untracked 
| 159|0x0000000713e00000, 0x0000000714000000, 0x0000000714000000|100%| O|Cm|TAMS 0x0000000713e00000| PB 0x0000000713e00000| Complete 
| 160|0x0000000714000000, 0x0000000714000000, 0x0000000714200000|  0%| F|  |TAMS 0x0000000714000000| PB 0x0000000714000000| Untracked 
| 161|0x0000000714200000, 0x0000000714200000, 0x0000000714400000|  0%| F|  |TAMS 0x0000000714200000| PB 0x0000000714200000| Untracked 
| 162|0x0000000714400000, 0x0000000714400000, 0x0000000714600000|  0%| F|  |TAMS 0x0000000714400000| PB 0x0000000714400000| Untracked 
| 163|0x0000000714600000, 0x0000000714800000, 0x0000000714800000|100%| O|Cm|TAMS 0x0000000714600000| PB 0x0000000714600000| Complete 
| 164|0x0000000714800000, 0x0000000714800000, 0x0000000714a00000|  0%| F|  |TAMS 0x0000000714800000| PB 0x0000000714800000| Untracked 
| 165|0x0000000714a00000, 0x0000000714a00000, 0x0000000714c00000|  0%| F|  |TAMS 0x0000000714a00000| PB 0x0000000714a00000| Untracked 
| 166|0x0000000714c00000, 0x0000000714c00000, 0x0000000714e00000|  0%| F|  |TAMS 0x0000000714c00000| PB 0x0000000714c00000| Untracked 
| 167|0x0000000714e00000, 0x0000000714e00000, 0x0000000715000000|  0%| F|  |TAMS 0x0000000714e00000| PB 0x0000000714e00000| Untracked 
| 168|0x0000000715000000, 0x0000000715000000, 0x0000000715200000|  0%| F|  |TAMS 0x0000000715000000| PB 0x0000000715000000| Untracked 
| 169|0x0000000715200000, 0x0000000715200000, 0x0000000715400000|  0%| F|  |TAMS 0x0000000715200000| PB 0x0000000715200000| Untracked 
| 170|0x0000000715400000, 0x0000000715400000, 0x0000000715600000|  0%| F|  |TAMS 0x0000000715400000| PB 0x0000000715400000| Untracked 
| 171|0x0000000715600000, 0x0000000715600000, 0x0000000715800000|  0%| F|  |TAMS 0x0000000715600000| PB 0x0000000715600000| Untracked 
| 172|0x0000000715800000, 0x0000000715800000, 0x0000000715a00000|  0%| F|  |TAMS 0x0000000715800000| PB 0x0000000715800000| Untracked 
| 173|0x0000000715a00000, 0x0000000715a00000, 0x0000000715c00000|  0%| F|  |TAMS 0x0000000715a00000| PB 0x0000000715a00000| Untracked 
| 174|0x0000000715c00000, 0x0000000715c00000, 0x0000000715e00000|  0%| F|  |TAMS 0x0000000715c00000| PB 0x0000000715c00000| Untracked 
| 175|0x0000000715e00000, 0x0000000715e00000, 0x0000000716000000|  0%| F|  |TAMS 0x0000000715e00000| PB 0x0000000715e00000| Untracked 
| 176|0x0000000716000000, 0x0000000716000000, 0x0000000716200000|  0%| F|  |TAMS 0x0000000716000000| PB 0x0000000716000000| Untracked 
| 177|0x0000000716200000, 0x0000000716400000, 0x0000000716400000|100%| O|Cm|TAMS 0x0000000716200000| PB 0x0000000716200000| Complete 
| 178|0x0000000716400000, 0x0000000716400000, 0x0000000716600000|  0%| F|  |TAMS 0x0000000716400000| PB 0x0000000716400000| Untracked 
| 179|0x0000000716600000, 0x0000000716600000, 0x0000000716800000|  0%| F|  |TAMS 0x0000000716600000| PB 0x0000000716600000| Untracked 
| 180|0x0000000716800000, 0x0000000716800000, 0x0000000716a00000|  0%| F|  |TAMS 0x0000000716800000| PB 0x0000000716800000| Untracked 
| 181|0x0000000716a00000, 0x0000000716a00000, 0x0000000716c00000|  0%| F|  |TAMS 0x0000000716a00000| PB 0x0000000716a00000| Untracked 
| 182|0x0000000716c00000, 0x0000000716c00000, 0x0000000716e00000|  0%| F|  |TAMS 0x0000000716c00000| PB 0x0000000716c00000| Untracked 
| 183|0x0000000716e00000, 0x0000000716e00000, 0x0000000717000000|  0%| F|  |TAMS 0x0000000716e00000| PB 0x0000000716e00000| Untracked 
| 184|0x0000000717000000, 0x0000000717000000, 0x0000000717200000|  0%| F|  |TAMS 0x0000000717000000| PB 0x0000000717000000| Untracked 
| 185|0x0000000717200000, 0x0000000717200000, 0x0000000717400000|  0%| F|  |TAMS 0x0000000717200000| PB 0x0000000717200000| Untracked 
| 186|0x0000000717400000, 0x0000000717400000, 0x0000000717600000|  0%| F|  |TAMS 0x0000000717400000| PB 0x0000000717400000| Untracked 
| 187|0x0000000717600000, 0x0000000717600000, 0x0000000717800000|  0%| F|  |TAMS 0x0000000717600000| PB 0x0000000717600000| Untracked 
| 188|0x0000000717800000, 0x0000000717800000, 0x0000000717a00000|  0%| F|  |TAMS 0x0000000717800000| PB 0x0000000717800000| Untracked 
| 189|0x0000000717a00000, 0x0000000717a00000, 0x0000000717c00000|  0%| F|  |TAMS 0x0000000717a00000| PB 0x0000000717a00000| Untracked 
| 190|0x0000000717c00000, 0x0000000717c00000, 0x0000000717e00000|  0%| F|  |TAMS 0x0000000717c00000| PB 0x0000000717c00000| Untracked 
| 191|0x0000000717e00000, 0x0000000717e00000, 0x0000000718000000|  0%| F|  |TAMS 0x0000000717e00000| PB 0x0000000717e00000| Untracked 
| 192|0x0000000718000000, 0x0000000718000000, 0x0000000718200000|  0%| F|  |TAMS 0x0000000718000000| PB 0x0000000718000000| Untracked 
| 193|0x0000000718200000, 0x0000000718200000, 0x0000000718400000|  0%| F|  |TAMS 0x0000000718200000| PB 0x0000000718200000| Untracked 
| 194|0x0000000718400000, 0x0000000718600000, 0x0000000718600000|100%| O|Cm|TAMS 0x0000000718400000| PB 0x0000000718400000| Complete 
| 195|0x0000000718600000, 0x0000000718600000, 0x0000000718800000|  0%| F|  |TAMS 0x0000000718600000| PB 0x0000000718600000| Untracked 
| 196|0x0000000718800000, 0x0000000718a00000, 0x0000000718a00000|100%| O|Cm|TAMS 0x0000000718800000| PB 0x0000000718800000| Complete 
| 197|0x0000000718a00000, 0x0000000718a00000, 0x0000000718c00000|  0%| F|  |TAMS 0x0000000718a00000| PB 0x0000000718a00000| Untracked 
| 198|0x0000000718c00000, 0x0000000718c00000, 0x0000000718e00000|  0%| F|  |TAMS 0x0000000718c00000| PB 0x0000000718c00000| Untracked 
| 199|0x0000000718e00000, 0x0000000719000000, 0x0000000719000000|100%| O|Cm|TAMS 0x0000000718e00000| PB 0x0000000718e00000| Complete 
| 200|0x0000000719000000, 0x0000000719000000, 0x0000000719200000|  0%| F|  |TAMS 0x0000000719000000| PB 0x0000000719000000| Untracked 
| 201|0x0000000719200000, 0x0000000719400000, 0x0000000719400000|100%| O|Cm|TAMS 0x0000000719200000| PB 0x0000000719200000| Complete 
| 202|0x0000000719400000, 0x0000000719400000, 0x0000000719600000|  0%| F|  |TAMS 0x0000000719400000| PB 0x0000000719400000| Untracked 
| 203|0x0000000719600000, 0x0000000719600000, 0x0000000719800000|  0%| F|  |TAMS 0x0000000719600000| PB 0x0000000719600000| Untracked 
| 204|0x0000000719800000, 0x0000000719800000, 0x0000000719a00000|  0%| F|  |TAMS 0x0000000719800000| PB 0x0000000719800000| Untracked 
| 205|0x0000000719a00000, 0x0000000719a00000, 0x0000000719c00000|  0%| F|  |TAMS 0x0000000719a00000| PB 0x0000000719a00000| Untracked 
| 206|0x0000000719c00000, 0x0000000719e00000, 0x0000000719e00000|100%| O|Cm|TAMS 0x0000000719c00000| PB 0x0000000719c00000| Complete 
| 207|0x0000000719e00000, 0x0000000719e00000, 0x000000071a000000|  0%| F|  |TAMS 0x0000000719e00000| PB 0x0000000719e00000| Untracked 
| 208|0x000000071a000000, 0x000000071a200000, 0x000000071a200000|100%| O|Cm|TAMS 0x000000071a000000| PB 0x000000071a000000| Complete 
| 209|0x000000071a200000, 0x000000071a400000, 0x000000071a400000|100%| O|Cm|TAMS 0x000000071a200000| PB 0x000000071a200000| Complete 
| 210|0x000000071a400000, 0x000000071a400000, 0x000000071a600000|  0%| F|  |TAMS 0x000000071a400000| PB 0x000000071a400000| Untracked 
| 211|0x000000071a600000, 0x000000071a800000, 0x000000071a800000|100%| O|Cm|TAMS 0x000000071a600000| PB 0x000000071a600000| Complete 
| 212|0x000000071a800000, 0x000000071a800000, 0x000000071aa00000|  0%| F|  |TAMS 0x000000071a800000| PB 0x000000071a800000| Untracked 
| 213|0x000000071aa00000, 0x000000071aa00000, 0x000000071ac00000|  0%| F|  |TAMS 0x000000071aa00000| PB 0x000000071aa00000| Untracked 
| 214|0x000000071ac00000, 0x000000071ae00000, 0x000000071ae00000|100%| O|Cm|TAMS 0x000000071ac00000| PB 0x000000071ac00000| Complete 
| 215|0x000000071ae00000, 0x000000071b000000, 0x000000071b000000|100%| O|Cm|TAMS 0x000000071ae00000| PB 0x000000071ae00000| Complete 
| 216|0x000000071b000000, 0x000000071b000000, 0x000000071b200000|  0%| F|  |TAMS 0x000000071b000000| PB 0x000000071b000000| Untracked 
| 217|0x000000071b200000, 0x000000071b200000, 0x000000071b400000|  0%| F|  |TAMS 0x000000071b200000| PB 0x000000071b200000| Untracked 
| 218|0x000000071b400000, 0x000000071b600000, 0x000000071b600000|100%| O|Cm|TAMS 0x000000071b400000| PB 0x000000071b400000| Complete 
| 219|0x000000071b600000, 0x000000071b800000, 0x000000071b800000|100%| O|Cm|TAMS 0x000000071b600000| PB 0x000000071b600000| Complete 
| 220|0x000000071b800000, 0x000000071ba00000, 0x000000071ba00000|100%| O|Cm|TAMS 0x000000071b800000| PB 0x000000071b800000| Complete 
| 221|0x000000071ba00000, 0x000000071bc00000, 0x000000071bc00000|100%| O|Cm|TAMS 0x000000071ba00000| PB 0x000000071ba00000| Complete 
| 222|0x000000071bc00000, 0x000000071be00000, 0x000000071be00000|100%| O|Cm|TAMS 0x000000071bc00000| PB 0x000000071bc00000| Complete 
| 223|0x000000071be00000, 0x000000071c000000, 0x000000071c000000|100%| O|Cm|TAMS 0x000000071be00000| PB 0x000000071be00000| Complete 
| 224|0x000000071c000000, 0x000000071c000000, 0x000000071c200000|  0%| F|  |TAMS 0x000000071c000000| PB 0x000000071c000000| Untracked 
| 225|0x000000071c200000, 0x000000071c400000, 0x000000071c400000|100%| O|Cm|TAMS 0x000000071c200000| PB 0x000000071c200000| Complete 
| 226|0x000000071c400000, 0x000000071c600000, 0x000000071c600000|100%| O|Cm|TAMS 0x000000071c400000| PB 0x000000071c400000| Complete 
| 227|0x000000071c600000, 0x000000071c600000, 0x000000071c800000|  0%| F|  |TAMS 0x000000071c600000| PB 0x000000071c600000| Untracked 
| 228|0x000000071c800000, 0x000000071c800000, 0x000000071ca00000|  0%| F|  |TAMS 0x000000071c800000| PB 0x000000071c800000| Untracked 
| 229|0x000000071ca00000, 0x000000071cc00000, 0x000000071cc00000|100%| O|Cm|TAMS 0x000000071ca00000| PB 0x000000071ca00000| Complete 
| 230|0x000000071cc00000, 0x000000071cc00000, 0x000000071ce00000|  0%| F|  |TAMS 0x000000071cc00000| PB 0x000000071cc00000| Untracked 
| 231|0x000000071ce00000, 0x000000071ce00000, 0x000000071d000000|  0%| F|  |TAMS 0x000000071ce00000| PB 0x000000071ce00000| Untracked 
| 232|0x000000071d000000, 0x000000071d000000, 0x000000071d200000|  0%| F|  |TAMS 0x000000071d000000| PB 0x000000071d000000| Untracked 
| 233|0x000000071d200000, 0x000000071d200000, 0x000000071d400000|  0%| F|  |TAMS 0x000000071d200000| PB 0x000000071d200000| Untracked 
| 234|0x000000071d400000, 0x000000071d600000, 0x000000071d600000|100%| O|  |TAMS 0x000000071d400000| PB 0x000000071d400000| Untracked 
| 235|0x000000071d600000, 0x000000071d800000, 0x000000071d800000|100%| O|  |TAMS 0x000000071d600000| PB 0x000000071d600000| Untracked 
| 236|0x000000071d800000, 0x000000071da00000, 0x000000071da00000|100%| O|Cm|TAMS 0x000000071d800000| PB 0x000000071d800000| Complete 
| 237|0x000000071da00000, 0x000000071dc00000, 0x000000071dc00000|100%| O|Cm|TAMS 0x000000071da00000| PB 0x000000071da00000| Complete 
| 238|0x000000071dc00000, 0x000000071dc00000, 0x000000071de00000|  0%| F|  |TAMS 0x000000071dc00000| PB 0x000000071dc00000| Untracked 
| 239|0x000000071de00000, 0x000000071de00000, 0x000000071e000000|  0%| F|  |TAMS 0x000000071de00000| PB 0x000000071de00000| Untracked 
| 240|0x000000071e000000, 0x000000071e000000, 0x000000071e200000|  0%| F|  |TAMS 0x000000071e000000| PB 0x000000071e000000| Untracked 
| 241|0x000000071e200000, 0x000000071e400000, 0x000000071e400000|100%| O|Cm|TAMS 0x000000071e200000| PB 0x000000071e200000| Complete 
| 242|0x000000071e400000, 0x000000071e400000, 0x000000071e600000|  0%| F|  |TAMS 0x000000071e400000| PB 0x000000071e400000| Untracked 
| 243|0x000000071e600000, 0x000000071e800000, 0x000000071e800000|100%| O|Cm|TAMS 0x000000071e600000| PB 0x000000071e600000| Complete 
| 244|0x000000071e800000, 0x000000071ea00000, 0x000000071ea00000|100%| O|Cm|TAMS 0x000000071e800000| PB 0x000000071e800000| Complete 
| 245|0x000000071ea00000, 0x000000071ea00000, 0x000000071ec00000|  0%| F|  |TAMS 0x000000071ea00000| PB 0x000000071ea00000| Untracked 
| 246|0x000000071ec00000, 0x000000071ec00000, 0x000000071ee00000|  0%| F|  |TAMS 0x000000071ec00000| PB 0x000000071ec00000| Untracked 
| 247|0x000000071ee00000, 0x000000071ee00000, 0x000000071f000000|  0%| F|  |TAMS 0x000000071ee00000| PB 0x000000071ee00000| Untracked 
| 248|0x000000071f000000, 0x000000071f000000, 0x000000071f200000|  0%| F|  |TAMS 0x000000071f000000| PB 0x000000071f000000| Untracked 
| 249|0x000000071f200000, 0x000000071f200000, 0x000000071f400000|  0%| F|  |TAMS 0x000000071f200000| PB 0x000000071f200000| Untracked 
| 250|0x000000071f400000, 0x000000071f400000, 0x000000071f600000|  0%| F|  |TAMS 0x000000071f400000| PB 0x000000071f400000| Untracked 
| 251|0x000000071f600000, 0x000000071f600000, 0x000000071f800000|  0%| F|  |TAMS 0x000000071f600000| PB 0x000000071f600000| Untracked 
| 252|0x000000071f800000, 0x000000071f800000, 0x000000071fa00000|  0%| F|  |TAMS 0x000000071f800000| PB 0x000000071f800000| Untracked 
| 253|0x000000071fa00000, 0x000000071fc00000, 0x000000071fc00000|100%| O|Cm|TAMS 0x000000071fa00000| PB 0x000000071fa00000| Complete 
| 254|0x000000071fc00000, 0x000000071fc00000, 0x000000071fe00000|  0%| F|  |TAMS 0x000000071fc00000| PB 0x000000071fc00000| Untracked 
| 255|0x000000071fe00000, 0x0000000720000000, 0x0000000720000000|100%| O|Cm|TAMS 0x000000071fe00000| PB 0x000000071fe00000| Complete 
| 256|0x0000000720000000, 0x0000000720200000, 0x0000000720200000|100%| O|Cm|TAMS 0x0000000720000000| PB 0x0000000720000000| Complete 
| 257|0x0000000720200000, 0x0000000720200000, 0x0000000720400000|  0%| F|  |TAMS 0x0000000720200000| PB 0x0000000720200000| Untracked 
| 258|0x0000000720400000, 0x0000000720400000, 0x0000000720600000|  0%| F|  |TAMS 0x0000000720400000| PB 0x0000000720400000| Untracked 
| 259|0x0000000720600000, 0x0000000720600000, 0x0000000720800000|  0%| F|  |TAMS 0x0000000720600000| PB 0x0000000720600000| Untracked 
| 260|0x0000000720800000, 0x0000000720800000, 0x0000000720a00000|  0%| F|  |TAMS 0x0000000720800000| PB 0x0000000720800000| Untracked 
| 261|0x0000000720a00000, 0x0000000720a00000, 0x0000000720c00000|  0%| F|  |TAMS 0x0000000720a00000| PB 0x0000000720a00000| Untracked 
| 262|0x0000000720c00000, 0x0000000720c00000, 0x0000000720e00000|  0%| F|  |TAMS 0x0000000720c00000| PB 0x0000000720c00000| Untracked 
| 263|0x0000000720e00000, 0x0000000720e00000, 0x0000000721000000|  0%| F|  |TAMS 0x0000000720e00000| PB 0x0000000720e00000| Untracked 
| 264|0x0000000721000000, 0x0000000721000000, 0x0000000721200000|  0%| F|  |TAMS 0x0000000721000000| PB 0x0000000721000000| Untracked 
| 265|0x0000000721200000, 0x0000000721200000, 0x0000000721400000|  0%| F|  |TAMS 0x0000000721200000| PB 0x0000000721200000| Untracked 
| 266|0x0000000721400000, 0x0000000721400000, 0x0000000721600000|  0%| F|  |TAMS 0x0000000721400000| PB 0x0000000721400000| Untracked 
| 267|0x0000000721600000, 0x0000000721600000, 0x0000000721800000|  0%| F|  |TAMS 0x0000000721600000| PB 0x0000000721600000| Untracked 
| 268|0x0000000721800000, 0x0000000721800000, 0x0000000721a00000|  0%| F|  |TAMS 0x0000000721800000| PB 0x0000000721800000| Untracked 
| 269|0x0000000721a00000, 0x0000000721a00000, 0x0000000721c00000|  0%| F|  |TAMS 0x0000000721a00000| PB 0x0000000721a00000| Untracked 
| 270|0x0000000721c00000, 0x0000000721c00000, 0x0000000721e00000|  0%| F|  |TAMS 0x0000000721c00000| PB 0x0000000721c00000| Untracked 
| 271|0x0000000721e00000, 0x0000000721e00000, 0x0000000722000000|  0%| F|  |TAMS 0x0000000721e00000| PB 0x0000000721e00000| Untracked 
| 272|0x0000000722000000, 0x0000000722000000, 0x0000000722200000|  0%| F|  |TAMS 0x0000000722000000| PB 0x0000000722000000| Untracked 
| 273|0x0000000722200000, 0x0000000722200000, 0x0000000722400000|  0%| F|  |TAMS 0x0000000722200000| PB 0x0000000722200000| Untracked 
| 274|0x0000000722400000, 0x0000000722400000, 0x0000000722600000|  0%| F|  |TAMS 0x0000000722400000| PB 0x0000000722400000| Untracked 
| 275|0x0000000722600000, 0x0000000722800000, 0x0000000722800000|100%| O|Cm|TAMS 0x0000000722600000| PB 0x0000000722600000| Complete 
| 276|0x0000000722800000, 0x0000000722a00000, 0x0000000722a00000|100%| O|Cm|TAMS 0x0000000722800000| PB 0x0000000722800000| Complete 
| 277|0x0000000722a00000, 0x0000000722a00000, 0x0000000722c00000|  0%| F|  |TAMS 0x0000000722a00000| PB 0x0000000722a00000| Untracked 
| 278|0x0000000722c00000, 0x0000000722c00000, 0x0000000722e00000|  0%| F|  |TAMS 0x0000000722c00000| PB 0x0000000722c00000| Untracked 
| 279|0x0000000722e00000, 0x0000000723000000, 0x0000000723000000|100%| O|Cm|TAMS 0x0000000722e00000| PB 0x0000000722e00000| Complete 
| 280|0x0000000723000000, 0x0000000723000000, 0x0000000723200000|  0%| F|  |TAMS 0x0000000723000000| PB 0x0000000723000000| Untracked 
| 281|0x0000000723200000, 0x0000000723200000, 0x0000000723400000|  0%| F|  |TAMS 0x0000000723200000| PB 0x0000000723200000| Untracked 
| 282|0x0000000723400000, 0x0000000723400000, 0x0000000723600000|  0%| F|  |TAMS 0x0000000723400000| PB 0x0000000723400000| Untracked 
| 283|0x0000000723600000, 0x0000000723600000, 0x0000000723800000|  0%| F|  |TAMS 0x0000000723600000| PB 0x0000000723600000| Untracked 
| 284|0x0000000723800000, 0x0000000723800000, 0x0000000723a00000|  0%| F|  |TAMS 0x0000000723800000| PB 0x0000000723800000| Untracked 
| 285|0x0000000723a00000, 0x0000000723a00000, 0x0000000723c00000|  0%| F|  |TAMS 0x0000000723a00000| PB 0x0000000723a00000| Untracked 
| 286|0x0000000723c00000, 0x0000000723c00000, 0x0000000723e00000|  0%| F|  |TAMS 0x0000000723c00000| PB 0x0000000723c00000| Untracked 
| 287|0x0000000723e00000, 0x0000000723e00000, 0x0000000724000000|  0%| F|  |TAMS 0x0000000723e00000| PB 0x0000000723e00000| Untracked 
| 288|0x0000000724000000, 0x0000000724000000, 0x0000000724200000|  0%| F|  |TAMS 0x0000000724000000| PB 0x0000000724000000| Untracked 
| 289|0x0000000724200000, 0x0000000724200000, 0x0000000724400000|  0%| F|  |TAMS 0x0000000724200000| PB 0x0000000724200000| Untracked 
| 290|0x0000000724400000, 0x0000000724400000, 0x0000000724600000|  0%| F|  |TAMS 0x0000000724400000| PB 0x0000000724400000| Untracked 
| 291|0x0000000724600000, 0x0000000724800000, 0x0000000724800000|100%| O|Cm|TAMS 0x0000000724600000| PB 0x0000000724600000| Complete 
| 292|0x0000000724800000, 0x0000000724800000, 0x0000000724a00000|  0%| F|  |TAMS 0x0000000724800000| PB 0x0000000724800000| Untracked 
| 293|0x0000000724a00000, 0x0000000724a00000, 0x0000000724c00000|  0%| F|  |TAMS 0x0000000724a00000| PB 0x0000000724a00000| Untracked 
| 294|0x0000000724c00000, 0x0000000724c00000, 0x0000000724e00000|  0%| F|  |TAMS 0x0000000724c00000| PB 0x0000000724c00000| Untracked 
| 295|0x0000000724e00000, 0x0000000724e00000, 0x0000000725000000|  0%| F|  |TAMS 0x0000000724e00000| PB 0x0000000724e00000| Untracked 
| 296|0x0000000725000000, 0x0000000725000000, 0x0000000725200000|  0%| F|  |TAMS 0x0000000725000000| PB 0x0000000725000000| Untracked 
| 297|0x0000000725200000, 0x0000000725400000, 0x0000000725400000|100%| O|Cm|TAMS 0x0000000725200000| PB 0x0000000725200000| Complete 
| 298|0x0000000725400000, 0x0000000725400000, 0x0000000725600000|  0%| F|  |TAMS 0x0000000725400000| PB 0x0000000725400000| Untracked 
| 299|0x0000000725600000, 0x0000000725600000, 0x0000000725800000|  0%| F|  |TAMS 0x0000000725600000| PB 0x0000000725600000| Untracked 
| 300|0x0000000725800000, 0x0000000725800000, 0x0000000725a00000|  0%| F|  |TAMS 0x0000000725800000| PB 0x0000000725800000| Untracked 
| 301|0x0000000725a00000, 0x0000000725a00000, 0x0000000725c00000|  0%| F|  |TAMS 0x0000000725a00000| PB 0x0000000725a00000| Untracked 
| 302|0x0000000725c00000, 0x0000000725c00000, 0x0000000725e00000|  0%| F|  |TAMS 0x0000000725c00000| PB 0x0000000725c00000| Untracked 
| 303|0x0000000725e00000, 0x0000000725e00000, 0x0000000726000000|  0%| F|  |TAMS 0x0000000725e00000| PB 0x0000000725e00000| Untracked 
| 304|0x0000000726000000, 0x0000000726000000, 0x0000000726200000|  0%| F|  |TAMS 0x0000000726000000| PB 0x0000000726000000| Untracked 
| 305|0x0000000726200000, 0x0000000726200000, 0x0000000726400000|  0%| F|  |TAMS 0x0000000726200000| PB 0x0000000726200000| Untracked 
| 306|0x0000000726400000, 0x0000000726400000, 0x0000000726600000|  0%| F|  |TAMS 0x0000000726400000| PB 0x0000000726400000| Untracked 
| 307|0x0000000726600000, 0x0000000726800000, 0x0000000726800000|100%| O|Cm|TAMS 0x0000000726600000| PB 0x0000000726600000| Complete 
| 308|0x0000000726800000, 0x0000000726800000, 0x0000000726a00000|  0%| F|  |TAMS 0x0000000726800000| PB 0x0000000726800000| Untracked 
| 309|0x0000000726a00000, 0x0000000726a00000, 0x0000000726c00000|  0%| F|  |TAMS 0x0000000726a00000| PB 0x0000000726a00000| Untracked 
| 310|0x0000000726c00000, 0x0000000726c00000, 0x0000000726e00000|  0%| F|  |TAMS 0x0000000726c00000| PB 0x0000000726c00000| Untracked 
| 311|0x0000000726e00000, 0x0000000726e00000, 0x0000000727000000|  0%| F|  |TAMS 0x0000000726e00000| PB 0x0000000726e00000| Untracked 
| 312|0x0000000727000000, 0x0000000727000000, 0x0000000727200000|  0%| F|  |TAMS 0x0000000727000000| PB 0x0000000727000000| Untracked 
| 313|0x0000000727200000, 0x0000000727200000, 0x0000000727400000|  0%| F|  |TAMS 0x0000000727200000| PB 0x0000000727200000| Untracked 
| 314|0x0000000727400000, 0x0000000727400000, 0x0000000727600000|  0%| F|  |TAMS 0x0000000727400000| PB 0x0000000727400000| Untracked 
| 315|0x0000000727600000, 0x0000000727600000, 0x0000000727800000|  0%| F|  |TAMS 0x0000000727600000| PB 0x0000000727600000| Untracked 
| 316|0x0000000727800000, 0x0000000727800000, 0x0000000727a00000|  0%| F|  |TAMS 0x0000000727800000| PB 0x0000000727800000| Untracked 
| 317|0x0000000727a00000, 0x0000000727a00000, 0x0000000727c00000|  0%| F|  |TAMS 0x0000000727a00000| PB 0x0000000727a00000| Untracked 
| 318|0x0000000727c00000, 0x0000000727c00000, 0x0000000727e00000|  0%| F|  |TAMS 0x0000000727c00000| PB 0x0000000727c00000| Untracked 
| 319|0x0000000727e00000, 0x0000000727e00000, 0x0000000728000000|  0%| F|  |TAMS 0x0000000727e00000| PB 0x0000000727e00000| Untracked 
| 320|0x0000000728000000, 0x0000000728000000, 0x0000000728200000|  0%| F|  |TAMS 0x0000000728000000| PB 0x0000000728000000| Untracked 
| 321|0x0000000728200000, 0x0000000728200000, 0x0000000728400000|  0%| F|  |TAMS 0x0000000728200000| PB 0x0000000728200000| Untracked 
| 322|0x0000000728400000, 0x0000000728400000, 0x0000000728600000|  0%| F|  |TAMS 0x0000000728400000| PB 0x0000000728400000| Untracked 
| 323|0x0000000728600000, 0x0000000728800000, 0x0000000728800000|100%| O|Cm|TAMS 0x0000000728600000| PB 0x0000000728600000| Complete 
| 324|0x0000000728800000, 0x0000000728800000, 0x0000000728a00000|  0%| F|  |TAMS 0x0000000728800000| PB 0x0000000728800000| Untracked 
| 325|0x0000000728a00000, 0x0000000728a00000, 0x0000000728c00000|  0%| F|  |TAMS 0x0000000728a00000| PB 0x0000000728a00000| Untracked 
| 326|0x0000000728c00000, 0x0000000728c00000, 0x0000000728e00000|  0%| F|  |TAMS 0x0000000728c00000| PB 0x0000000728c00000| Untracked 
| 327|0x0000000728e00000, 0x0000000728e00000, 0x0000000729000000|  0%| F|  |TAMS 0x0000000728e00000| PB 0x0000000728e00000| Untracked 
| 328|0x0000000729000000, 0x0000000729000000, 0x0000000729200000|  0%| F|  |TAMS 0x0000000729000000| PB 0x0000000729000000| Untracked 
| 329|0x0000000729200000, 0x0000000729200000, 0x0000000729400000|  0%| F|  |TAMS 0x0000000729200000| PB 0x0000000729200000| Untracked 
| 330|0x0000000729400000, 0x0000000729400000, 0x0000000729600000|  0%| F|  |TAMS 0x0000000729400000| PB 0x0000000729400000| Untracked 
| 331|0x0000000729600000, 0x0000000729600000, 0x0000000729800000|  0%| F|  |TAMS 0x0000000729600000| PB 0x0000000729600000| Untracked 
| 332|0x0000000729800000, 0x0000000729800000, 0x0000000729a00000|  0%| F|  |TAMS 0x0000000729800000| PB 0x0000000729800000| Untracked 
| 333|0x0000000729a00000, 0x0000000729a00000, 0x0000000729c00000|  0%| F|  |TAMS 0x0000000729a00000| PB 0x0000000729a00000| Untracked 
| 334|0x0000000729c00000, 0x0000000729e00000, 0x0000000729e00000|100%| O|Cm|TAMS 0x0000000729c00000| PB 0x0000000729c00000| Complete 
| 335|0x0000000729e00000, 0x000000072a000000, 0x000000072a000000|100%| O|  |TAMS 0x0000000729e00000| PB 0x0000000729e00000| Untracked 
| 336|0x000000072a000000, 0x000000072a200000, 0x000000072a200000|100%| O|  |TAMS 0x000000072a000000| PB 0x000000072a000000| Untracked 
| 337|0x000000072a200000, 0x000000072a400000, 0x000000072a400000|100%| O|  |TAMS 0x000000072a200000| PB 0x000000072a200000| Untracked 
| 338|0x000000072a400000, 0x000000072a600000, 0x000000072a600000|100%| O|  |TAMS 0x000000072a400000| PB 0x000000072a400000| Untracked 
| 339|0x000000072a600000, 0x000000072a800000, 0x000000072a800000|100%| O|Cm|TAMS 0x000000072a600000| PB 0x000000072a600000| Complete 
| 340|0x000000072a800000, 0x000000072aa00000, 0x000000072aa00000|100%| O|Cm|TAMS 0x000000072a800000| PB 0x000000072a800000| Complete 
| 341|0x000000072aa00000, 0x000000072ac00000, 0x000000072ac00000|100%| O|Cm|TAMS 0x000000072aa00000| PB 0x000000072aa00000| Complete 
| 342|0x000000072ac00000, 0x000000072ae00000, 0x000000072ae00000|100%| O|Cm|TAMS 0x000000072ac00000| PB 0x000000072ac00000| Complete 
| 343|0x000000072ae00000, 0x000000072b000000, 0x000000072b000000|100%| O|Cm|TAMS 0x000000072ae00000| PB 0x000000072ae00000| Complete 
| 344|0x000000072b000000, 0x000000072b000000, 0x000000072b200000|  0%| F|  |TAMS 0x000000072b000000| PB 0x000000072b000000| Untracked 
| 345|0x000000072b200000, 0x000000072b400000, 0x000000072b400000|100%| O|Cm|TAMS 0x000000072b200000| PB 0x000000072b200000| Complete 
| 346|0x000000072b400000, 0x000000072b400000, 0x000000072b600000|  0%| F|  |TAMS 0x000000072b400000| PB 0x000000072b400000| Untracked 
| 347|0x000000072b600000, 0x000000072b600000, 0x000000072b800000|  0%| F|  |TAMS 0x000000072b600000| PB 0x000000072b600000| Untracked 
| 348|0x000000072b800000, 0x000000072b800000, 0x000000072ba00000|  0%| F|  |TAMS 0x000000072b800000| PB 0x000000072b800000| Untracked 
| 349|0x000000072ba00000, 0x000000072ba00000, 0x000000072bc00000|  0%| F|  |TAMS 0x000000072ba00000| PB 0x000000072ba00000| Untracked 
| 350|0x000000072bc00000, 0x000000072bc00000, 0x000000072be00000|  0%| F|  |TAMS 0x000000072bc00000| PB 0x000000072bc00000| Untracked 
| 351|0x000000072be00000, 0x000000072be00000, 0x000000072c000000|  0%| F|  |TAMS 0x000000072be00000| PB 0x000000072be00000| Untracked 
| 352|0x000000072c000000, 0x000000072c000000, 0x000000072c200000|  0%| F|  |TAMS 0x000000072c000000| PB 0x000000072c000000| Untracked 
| 353|0x000000072c200000, 0x000000072c200000, 0x000000072c400000|  0%| F|  |TAMS 0x000000072c200000| PB 0x000000072c200000| Untracked 
| 354|0x000000072c400000, 0x000000072c400000, 0x000000072c600000|  0%| F|  |TAMS 0x000000072c400000| PB 0x000000072c400000| Untracked 
| 355|0x000000072c600000, 0x000000072c600000, 0x000000072c800000|  0%| F|  |TAMS 0x000000072c600000| PB 0x000000072c600000| Untracked 
| 356|0x000000072c800000, 0x000000072c800000, 0x000000072ca00000|  0%| F|  |TAMS 0x000000072c800000| PB 0x000000072c800000| Untracked 
| 357|0x000000072ca00000, 0x000000072ca00000, 0x000000072cc00000|  0%| F|  |TAMS 0x000000072ca00000| PB 0x000000072ca00000| Untracked 
| 358|0x000000072cc00000, 0x000000072ce00000, 0x000000072ce00000|100%| O|Cm|TAMS 0x000000072cc00000| PB 0x000000072cc00000| Complete 
| 359|0x000000072ce00000, 0x000000072d000000, 0x000000072d000000|100%| O|Cm|TAMS 0x000000072ce00000| PB 0x000000072ce00000| Complete 
| 360|0x000000072d000000, 0x000000072d200000, 0x000000072d200000|100%| O|  |TAMS 0x000000072d000000| PB 0x000000072d000000| Untracked 
| 361|0x000000072d200000, 0x000000072d400000, 0x000000072d400000|100%| O|Cm|TAMS 0x000000072d200000| PB 0x000000072d200000| Complete 
| 362|0x000000072d400000, 0x000000072d400000, 0x000000072d600000|  0%| F|  |TAMS 0x000000072d400000| PB 0x000000072d400000| Untracked 
| 363|0x000000072d600000, 0x000000072d600000, 0x000000072d800000|  0%| F|  |TAMS 0x000000072d600000| PB 0x000000072d600000| Untracked 
| 364|0x000000072d800000, 0x000000072da00000, 0x000000072da00000|100%| O|Cm|TAMS 0x000000072d800000| PB 0x000000072d800000| Complete 
| 365|0x000000072da00000, 0x000000072da00000, 0x000000072dc00000|  0%| F|  |TAMS 0x000000072da00000| PB 0x000000072da00000| Untracked 
| 366|0x000000072dc00000, 0x000000072dc00000, 0x000000072de00000|  0%| F|  |TAMS 0x000000072dc00000| PB 0x000000072dc00000| Untracked 
| 367|0x000000072de00000, 0x000000072de00000, 0x000000072e000000|  0%| F|  |TAMS 0x000000072de00000| PB 0x000000072de00000| Untracked 
| 368|0x000000072e000000, 0x000000072e000000, 0x000000072e200000|  0%| F|  |TAMS 0x000000072e000000| PB 0x000000072e000000| Untracked 
| 369|0x000000072e200000, 0x000000072e200000, 0x000000072e400000|  0%| F|  |TAMS 0x000000072e200000| PB 0x000000072e200000| Untracked 
| 370|0x000000072e400000, 0x000000072e400000, 0x000000072e600000|  0%| F|  |TAMS 0x000000072e400000| PB 0x000000072e400000| Untracked 
| 371|0x000000072e600000, 0x000000072e600000, 0x000000072e800000|  0%| F|  |TAMS 0x000000072e600000| PB 0x000000072e600000| Untracked 
| 372|0x000000072e800000, 0x000000072e800000, 0x000000072ea00000|  0%| F|  |TAMS 0x000000072e800000| PB 0x000000072e800000| Untracked 
| 373|0x000000072ea00000, 0x000000072ea00000, 0x000000072ec00000|  0%| F|  |TAMS 0x000000072ea00000| PB 0x000000072ea00000| Untracked 
| 374|0x000000072ec00000, 0x000000072ec00000, 0x000000072ee00000|  0%| F|  |TAMS 0x000000072ec00000| PB 0x000000072ec00000| Untracked 
| 375|0x000000072ee00000, 0x000000072ee00000, 0x000000072f000000|  0%| F|  |TAMS 0x000000072ee00000| PB 0x000000072ee00000| Untracked 
| 376|0x000000072f000000, 0x000000072f000000, 0x000000072f200000|  0%| F|  |TAMS 0x000000072f000000| PB 0x000000072f000000| Untracked 
| 377|0x000000072f200000, 0x000000072f200000, 0x000000072f400000|  0%| F|  |TAMS 0x000000072f200000| PB 0x000000072f200000| Untracked 
| 378|0x000000072f400000, 0x000000072f400000, 0x000000072f600000|  0%| F|  |TAMS 0x000000072f400000| PB 0x000000072f400000| Untracked 
| 379|0x000000072f600000, 0x000000072f600000, 0x000000072f800000|  0%| F|  |TAMS 0x000000072f600000| PB 0x000000072f600000| Untracked 
| 380|0x000000072f800000, 0x000000072f800000, 0x000000072fa00000|  0%| F|  |TAMS 0x000000072f800000| PB 0x000000072f800000| Untracked 
| 381|0x000000072fa00000, 0x000000072fa00000, 0x000000072fc00000|  0%| F|  |TAMS 0x000000072fa00000| PB 0x000000072fa00000| Untracked 
| 382|0x000000072fc00000, 0x000000072fc00000, 0x000000072fe00000|  0%| F|  |TAMS 0x000000072fc00000| PB 0x000000072fc00000| Untracked 
| 383|0x000000072fe00000, 0x000000072fe00000, 0x0000000730000000|  0%| F|  |TAMS 0x000000072fe00000| PB 0x000000072fe00000| Untracked 
| 384|0x0000000730000000, 0x0000000730000000, 0x0000000730200000|  0%| F|  |TAMS 0x0000000730000000| PB 0x0000000730000000| Untracked 
| 385|0x0000000730200000, 0x0000000730200000, 0x0000000730400000|  0%| F|  |TAMS 0x0000000730200000| PB 0x0000000730200000| Untracked 
| 386|0x0000000730400000, 0x0000000730400000, 0x0000000730600000|  0%| F|  |TAMS 0x0000000730400000| PB 0x0000000730400000| Untracked 
| 387|0x0000000730600000, 0x0000000730600000, 0x0000000730800000|  0%| F|  |TAMS 0x0000000730600000| PB 0x0000000730600000| Untracked 
| 388|0x0000000730800000, 0x0000000730800000, 0x0000000730a00000|  0%| F|  |TAMS 0x0000000730800000| PB 0x0000000730800000| Untracked 
| 389|0x0000000730a00000, 0x0000000730a00000, 0x0000000730c00000|  0%| F|  |TAMS 0x0000000730a00000| PB 0x0000000730a00000| Untracked 
| 390|0x0000000730c00000, 0x0000000730c00000, 0x0000000730e00000|  0%| F|  |TAMS 0x0000000730c00000| PB 0x0000000730c00000| Untracked 
| 391|0x0000000730e00000, 0x0000000730e00000, 0x0000000731000000|  0%| F|  |TAMS 0x0000000730e00000| PB 0x0000000730e00000| Untracked 
| 392|0x0000000731000000, 0x0000000731000000, 0x0000000731200000|  0%| F|  |TAMS 0x0000000731000000| PB 0x0000000731000000| Untracked 
| 393|0x0000000731200000, 0x0000000731200000, 0x0000000731400000|  0%| F|  |TAMS 0x0000000731200000| PB 0x0000000731200000| Untracked 
| 394|0x0000000731400000, 0x0000000731400000, 0x0000000731600000|  0%| F|  |TAMS 0x0000000731400000| PB 0x0000000731400000| Untracked 
| 395|0x0000000731600000, 0x0000000731600000, 0x0000000731800000|  0%| F|  |TAMS 0x0000000731600000| PB 0x0000000731600000| Untracked 
| 396|0x0000000731800000, 0x0000000731800000, 0x0000000731a00000|  0%| F|  |TAMS 0x0000000731800000| PB 0x0000000731800000| Untracked 
| 397|0x0000000731a00000, 0x0000000731a00000, 0x0000000731c00000|  0%| F|  |TAMS 0x0000000731a00000| PB 0x0000000731a00000| Untracked 
| 398|0x0000000731c00000, 0x0000000731c00000, 0x0000000731e00000|  0%| F|  |TAMS 0x0000000731c00000| PB 0x0000000731c00000| Untracked 
| 399|0x0000000731e00000, 0x0000000731e6c5f8, 0x0000000732000000| 21%| E|  |TAMS 0x0000000731e00000| PB 0x0000000731e00000| Complete 
| 400|0x0000000732000000, 0x0000000732200000, 0x0000000732200000|100%| E|CS|TAMS 0x0000000732000000| PB 0x0000000732000000| Complete 
| 401|0x0000000732200000, 0x0000000732400000, 0x0000000732400000|100%| E|CS|TAMS 0x0000000732200000| PB 0x0000000732200000| Complete 
| 402|0x0000000732400000, 0x0000000732600000, 0x0000000732600000|100%| E|CS|TAMS 0x0000000732400000| PB 0x0000000732400000| Complete 
| 403|0x0000000732600000, 0x0000000732800000, 0x0000000732800000|100%| E|CS|TAMS 0x0000000732600000| PB 0x0000000732600000| Complete 
| 404|0x0000000732800000, 0x0000000732a00000, 0x0000000732a00000|100%| E|CS|TAMS 0x0000000732800000| PB 0x0000000732800000| Complete 
| 405|0x0000000732a00000, 0x0000000732c00000, 0x0000000732c00000|100%| E|CS|TAMS 0x0000000732a00000| PB 0x0000000732a00000| Complete 
| 406|0x0000000732c00000, 0x0000000732e00000, 0x0000000732e00000|100%| E|CS|TAMS 0x0000000732c00000| PB 0x0000000732c00000| Complete 
| 407|0x0000000732e00000, 0x0000000733000000, 0x0000000733000000|100%| E|CS|TAMS 0x0000000732e00000| PB 0x0000000732e00000| Complete 
| 408|0x0000000733000000, 0x0000000733200000, 0x0000000733200000|100%| E|CS|TAMS 0x0000000733000000| PB 0x0000000733000000| Complete 
|2015|0x00000007fbe00000, 0x00000007fc000000, 0x00000007fc000000|100%| E|CS|TAMS 0x00000007fbe00000| PB 0x00000007fbe00000| Complete 
|2016|0x00000007fc000000, 0x00000007fc200000, 0x00000007fc200000|100%| E|CS|TAMS 0x00000007fc000000| PB 0x00000007fc000000| Complete 
|2017|0x00000007fc200000, 0x00000007fc400000, 0x00000007fc400000|100%| E|CS|TAMS 0x00000007fc200000| PB 0x00000007fc200000| Complete 
|2018|0x00000007fc400000, 0x00000007fc600000, 0x00000007fc600000|100%| E|CS|TAMS 0x00000007fc400000| PB 0x00000007fc400000| Complete 
|2019|0x00000007fc600000, 0x00000007fc800000, 0x00000007fc800000|100%| E|CS|TAMS 0x00000007fc600000| PB 0x00000007fc600000| Complete 
|2020|0x00000007fc800000, 0x00000007fca00000, 0x00000007fca00000|100%| E|CS|TAMS 0x00000007fc800000| PB 0x00000007fc800000| Complete 
|2021|0x00000007fca00000, 0x00000007fcc00000, 0x00000007fcc00000|100%| E|CS|TAMS 0x00000007fca00000| PB 0x00000007fca00000| Complete 
|2022|0x00000007fcc00000, 0x00000007fce00000, 0x00000007fce00000|100%| E|CS|TAMS 0x00000007fcc00000| PB 0x00000007fcc00000| Complete 
|2023|0x00000007fce00000, 0x00000007fd000000, 0x00000007fd000000|100%| E|CS|TAMS 0x00000007fce00000| PB 0x00000007fce00000| Complete 
|2024|0x00000007fd000000, 0x00000007fd200000, 0x00000007fd200000|100%| E|CS|TAMS 0x00000007fd000000| PB 0x00000007fd000000| Complete 
|2025|0x00000007fd200000, 0x00000007fd400000, 0x00000007fd400000|100%| E|CS|TAMS 0x00000007fd200000| PB 0x00000007fd200000| Complete 
|2026|0x00000007fd400000, 0x00000007fd600000, 0x00000007fd600000|100%| E|CS|TAMS 0x00000007fd400000| PB 0x00000007fd400000| Complete 
|2027|0x00000007fd600000, 0x00000007fd800000, 0x00000007fd800000|100%| E|CS|TAMS 0x00000007fd600000| PB 0x00000007fd600000| Complete 
|2028|0x00000007fd800000, 0x00000007fda00000, 0x00000007fda00000|100%| E|CS|TAMS 0x00000007fd800000| PB 0x00000007fd800000| Complete 
|2029|0x00000007fda00000, 0x00000007fdc00000, 0x00000007fdc00000|100%| E|CS|TAMS 0x00000007fda00000| PB 0x00000007fda00000| Complete 
|2030|0x00000007fdc00000, 0x00000007fde00000, 0x00000007fde00000|100%| E|CS|TAMS 0x00000007fdc00000| PB 0x00000007fdc00000| Complete 
|2031|0x00000007fde00000, 0x00000007fded4b50, 0x00000007fe000000| 41%| S|CS|TAMS 0x00000007fde00000| PB 0x00000007fde00000| Complete 
|2032|0x00000007fe000000, 0x00000007fe200000, 0x00000007fe200000|100%| S|CS|TAMS 0x00000007fe000000| PB 0x00000007fe000000| Complete 
|2033|0x00000007fe200000, 0x00000007fe400000, 0x00000007fe400000|100%| E|CS|TAMS 0x00000007fe200000| PB 0x00000007fe200000| Complete 
|2034|0x00000007fe400000, 0x00000007fe600000, 0x00000007fe600000|100%| E|CS|TAMS 0x00000007fe400000| PB 0x00000007fe400000| Complete 
|2035|0x00000007fe600000, 0x00000007fe800000, 0x00000007fe800000|100%| E|CS|TAMS 0x00000007fe600000| PB 0x00000007fe600000| Complete 
|2036|0x00000007fe800000, 0x00000007fea00000, 0x00000007fea00000|100%| E|CS|TAMS 0x00000007fe800000| PB 0x00000007fe800000| Complete 
|2037|0x00000007fea00000, 0x00000007fec00000, 0x00000007fec00000|100%| E|CS|TAMS 0x00000007fea00000| PB 0x00000007fea00000| Complete 
|2038|0x00000007fec00000, 0x00000007fee00000, 0x00000007fee00000|100%| E|CS|TAMS 0x00000007fec00000| PB 0x00000007fec00000| Complete 
|2039|0x00000007fee00000, 0x00000007ff000000, 0x00000007ff000000|100%| E|CS|TAMS 0x00000007fee00000| PB 0x00000007fee00000| Complete 
|2040|0x00000007ff000000, 0x00000007ff200000, 0x00000007ff200000|100%| E|CS|TAMS 0x00000007ff000000| PB 0x00000007ff000000| Complete 
|2041|0x00000007ff200000, 0x00000007ff400000, 0x00000007ff400000|100%| E|CS|TAMS 0x00000007ff200000| PB 0x00000007ff200000| Complete 
|2042|0x00000007ff400000, 0x00000007ff600000, 0x00000007ff600000|100%| E|CS|TAMS 0x00000007ff400000| PB 0x00000007ff400000| Complete 
|2043|0x00000007ff600000, 0x00000007ff800000, 0x00000007ff800000|100%| E|CS|TAMS 0x00000007ff600000| PB 0x00000007ff600000| Complete 
|2044|0x00000007ff800000, 0x00000007ffa00000, 0x00000007ffa00000|100%| E|CS|TAMS 0x00000007ff800000| PB 0x00000007ff800000| Complete 
|2045|0x00000007ffa00000, 0x00000007ffc00000, 0x00000007ffc00000|100%| E|CS|TAMS 0x00000007ffa00000| PB 0x00000007ffa00000| Complete 
|2046|0x00000007ffc00000, 0x00000007ffe00000, 0x00000007ffe00000|100%| E|CS|TAMS 0x00000007ffc00000| PB 0x00000007ffc00000| Complete 
|2047|0x00000007ffe00000, 0x0000000800000000, 0x0000000800000000|100%| O|  |TAMS 0x00000007ffe00000| PB 0x00000007ffe00000| Untracked 

Card table byte_map: [0x0000026d546e0000,0x0000026d54ee0000] _byte_map_base: 0x0000026d50ee0000

Marking Bits: (CMBitMap*) 0x0000026d417fc600
 Bits: [0x0000026d54ee0000, 0x0000026d58ee0000)

Polling page: 0x0000026d3f5c0000

Metaspace:

Usage:
  Non-class:     76.71 MB used.
      Class:      8.55 MB used.
       Both:     85.27 MB used.

Virtual space:
  Non-class space:      128.00 MB reserved,      77.62 MB ( 61%) committed,  2 nodes.
      Class space:        1.00 GB reserved,       9.25 MB ( <1%) committed,  1 nodes.
             Both:        1.12 GB reserved,      86.88 MB (  8%) committed. 

Chunk freelists:
   Non-Class:  2.23 MB
       Class:  6.71 MB
        Both:  8.95 MB

MaxMetaspaceSize: unlimited
CompressedClassSpaceSize: 1.00 GB
Initial GC threshold: 21.00 MB
Current GC threshold: 142.50 MB
CDS: on
 - commit_granule_bytes: 65536.
 - commit_granule_words: 8192.
 - virtual_space_node_default_size: 8388608.
 - enlarge_chunks_in_place: 1.
 - use_allocation_guard: 0.


Internal statistics:

num_allocs_failed_limit: 6.
num_arena_births: 1962.
num_arena_deaths: 664.
num_vsnodes_births: 3.
num_vsnodes_deaths: 0.
num_space_committed: 1392.
num_space_uncommitted: 1.
num_chunks_returned_to_freelist: 857.
num_chunks_taken_from_freelist: 6606.
num_chunk_merges: 270.
num_chunk_splits: 3717.
num_chunks_enlarged: 2035.
num_inconsistent_stats: 0.

CodeHeap 'non-profiled nmethods': size=120000Kb used=20131Kb max_used=20515Kb free=99868Kb
 bounds [0x0000026d4c460000, 0x0000026d4d890000, 0x0000026d53990000]
CodeHeap 'profiled nmethods': size=120000Kb used=46305Kb max_used=50655Kb free=73694Kb
 bounds [0x0000026d44990000, 0x0000026d47b10000, 0x0000026d4bec0000]
CodeHeap 'non-nmethods': size=5760Kb used=1708Kb max_used=1774Kb free=4051Kb
 bounds [0x0000026d4bec0000, 0x0000026d4c130000, 0x0000026d4c460000]
CodeCache: size=245760Kb, used=68144Kb, max_used=72944Kb, free=177613Kb
 total_blobs=18643, nmethods=17804, adapters=739, full_count=0
Compilation: enabled, stopped_count=0, restarted_count=0

Compilation events (20 events):
Event: 59185.090 Thread 0x0000026d5bb57e80 25343       3       org.eclipse.jdt.internal.compiler.ast.TypeDeclaration::updateNestRelations (158 bytes)
Event: 59185.099 Thread 0x0000026d5bb57e80 nmethod 25343 0x0000026d44ebfc90 code [0x0000026d44ebfea0, 0x0000026d44ec0958]
Event: 59185.123 Thread 0x0000026d5bb485f0 25344   !   4       org.eclipse.jdt.internal.compiler.parser.Parser::parse (950 bytes)
Event: 59185.136 Thread 0x0000026d5bb57e80 25347   !   3       org.eclipse.jdt.internal.compiler.SourceElementNotifier::notifySourceElementRequestor (476 bytes)
Event: 59185.144 Thread 0x0000026d5bb57e80 nmethod 25347 0x0000026d457f4490 code [0x0000026d457f4840, 0x0000026d457f6b18]
Event: 59185.745 Thread 0x0000026d5bb485f0 nmethod 25344 0x0000026d4d87da10 code [0x0000026d4d87e200, 0x0000026d4d883488]
Event: 59185.746 Thread 0x0000026d5bb485f0 25345       4       org.eclipse.jdt.internal.compiler.parser.Parser::consumeForceNoDiet (11 bytes)
Event: 59185.747 Thread 0x0000026d5bb485f0 nmethod 25345 0x0000026d4c6efc90 code [0x0000026d4c6efe20, 0x0000026d4c6efea8]
Event: 59185.748 Thread 0x0000026d5bb485f0 25346       4       org.eclipse.jdt.internal.compiler.parser.Parser::consumeRestoreDiet (11 bytes)
Event: 59185.748 Thread 0x0000026d5bb485f0 nmethod 25346 0x0000026d4c6f1190 code [0x0000026d4c6f1320, 0x0000026d4c6f13a8]
Event: 59188.641 Thread 0x0000026d5bb485f0 25348       4       org.eclipse.jdt.internal.compiler.ast.CompilationUnitDeclaration::recordSuppressWarnings (246 bytes)
Event: 59188.740 Thread 0x0000026d5bb485f0 nmethod 25348 0x0000026d4c5a6d10 code [0x0000026d4c5a6fe0, 0x0000026d4c5a8b08]
Event: 59188.766 Thread 0x0000026d5bb485f0 25349       4       lombok.eclipse.handlers.EclipseHandlerUtil::copyType (6 bytes)
Event: 59188.772 Thread 0x0000026d5bb485f0 nmethod 25349 0x0000026d4c6f3310 code [0x0000026d4c6f34a0, 0x0000026d4c6f3538]
Event: 59189.742 Thread 0x0000026d5bb485f0 25350       4       org.eclipse.jdt.internal.compiler.lookup.BoundSet::reduceOneConstraint (272 bytes)
Event: 59189.778 Thread 0x0000026d5bb485f0 nmethod 25350 0x0000026d4c5e1b10 code [0x0000026d4c5e1d40, 0x0000026d4c5e2348]
Event: 59189.783 Thread 0x0000026d5bb57e80 25351   !   3       org.eclipse.jdt.internal.compiler.ast.LambdaExpression::isPertinentToApplicability (153 bytes)
Event: 59189.795 Thread 0x0000026d5bb57e80 nmethod 25351 0x0000026d44dad710 code [0x0000026d44dad9a0, 0x0000026d44dae740]
Event: 59189.962 Thread 0x0000026d5bb485f0 25352       4       org.eclipse.jdt.internal.compiler.lookup.ParameterizedTypeBinding::superclass (98 bytes)
Event: 59190.025 Thread 0x0000026d5bb485f0 nmethod 25352 0x0000026d4cc61690 code [0x0000026d4cc61980, 0x0000026d4cc627f0]

GC Heap History (20 events):
Event: 57520.434 GC heap before
{Heap before GC invocations=119 (full 0):
 garbage-first heap   total 905216K, used 741324K [0x0000000700000000, 0x0000000800000000)
  region size 2048K, 22 young (45056K), 7 survivors (14336K)
 Metaspace       used 85990K, committed 87616K, reserved 1179648K
  class space    used 8624K, committed 9344K, reserved 1048576K
}
Event: 57520.589 GC heap after
{Heap after GC invocations=120 (full 0):
 garbage-first heap   total 905216K, used 683519K [0x0000000700000000, 0x0000000800000000)
  region size 2048K, 3 young (6144K), 3 survivors (6144K)
 Metaspace       used 85990K, committed 87616K, reserved 1179648K
  class space    used 8624K, committed 9344K, reserved 1048576K
}
Event: 57524.373 GC heap before
{Heap before GC invocations=120 (full 0):
 garbage-first heap   total 905216K, used 722431K [0x0000000700000000, 0x0000000800000000)
  region size 2048K, 22 young (45056K), 3 survivors (6144K)
 Metaspace       used 86002K, committed 87616K, reserved 1179648K
  class space    used 8624K, committed 9344K, reserved 1048576K
}
Event: 57524.400 GC heap after
{Heap after GC invocations=121 (full 0):
 garbage-first heap   total 905216K, used 689752K [0x0000000700000000, 0x0000000800000000)
  region size 2048K, 3 young (6144K), 3 survivors (6144K)
 Metaspace       used 86002K, committed 87616K, reserved 1179648K
  class space    used 8624K, committed 9344K, reserved 1048576K
}
Event: 57532.786 GC heap before
{Heap before GC invocations=121 (full 0):
 garbage-first heap   total 905216K, used 753240K [0x0000000700000000, 0x0000000800000000)
  region size 2048K, 35 young (71680K), 3 survivors (6144K)
 Metaspace       used 86007K, committed 87616K, reserved 1179648K
  class space    used 8624K, committed 9344K, reserved 1048576K
}
Event: 57532.830 GC heap after
{Heap after GC invocations=122 (full 0):
 garbage-first heap   total 905216K, used 708280K [0x0000000700000000, 0x0000000800000000)
  region size 2048K, 5 young (10240K), 5 survivors (10240K)
 Metaspace       used 86007K, committed 87616K, reserved 1179648K
  class space    used 8624K, committed 9344K, reserved 1048576K
}
Event: 57535.698 GC heap before
{Heap before GC invocations=122 (full 0):
 garbage-first heap   total 905216K, used 773816K [0x0000000700000000, 0x0000000800000000)
  region size 2048K, 22 young (45056K), 5 survivors (10240K)
 Metaspace       used 86008K, committed 87616K, reserved 1179648K
  class space    used 8624K, committed 9344K, reserved 1048576K
}
Event: 57535.726 GC heap after
{Heap after GC invocations=123 (full 0):
 garbage-first heap   total 905216K, used 748740K [0x0000000700000000, 0x0000000800000000)
  region size 2048K, 3 young (6144K), 3 survivors (6144K)
 Metaspace       used 86008K, committed 87616K, reserved 1179648K
  class space    used 8624K, committed 9344K, reserved 1048576K
}
Event: 57575.754 GC heap before
{Heap before GC invocations=123 (full 0):
 garbage-first heap   total 905216K, used 834756K [0x0000000700000000, 0x0000000800000000)
  region size 2048K, 46 young (94208K), 3 survivors (6144K)
 Metaspace       used 86052K, committed 87616K, reserved 1179648K
  class space    used 8624K, committed 9344K, reserved 1048576K
}
Event: 57575.897 GC heap after
{Heap after GC invocations=124 (full 0):
 garbage-first heap   total 905216K, used 728597K [0x0000000700000000, 0x0000000800000000)
  region size 2048K, 6 young (12288K), 6 survivors (12288K)
 Metaspace       used 86052K, committed 87616K, reserved 1179648K
  class space    used 8624K, committed 9344K, reserved 1048576K
}
Event: 57578.741 GC heap before
{Heap before GC invocations=124 (full 0):
 garbage-first heap   total 905216K, used 820757K [0x0000000700000000, 0x0000000800000000)
  region size 2048K, 52 young (106496K), 6 survivors (12288K)
 Metaspace       used 86087K, committed 87680K, reserved 1179648K
  class space    used 8624K, committed 9344K, reserved 1048576K
}
Event: 57578.816 GC heap after
{Heap after GC invocations=125 (full 0):
 garbage-first heap   total 905216K, used 729774K [0x0000000700000000, 0x0000000800000000)
  region size 2048K, 3 young (6144K), 3 survivors (6144K)
 Metaspace       used 86087K, committed 87680K, reserved 1179648K
  class space    used 8624K, committed 9344K, reserved 1048576K
}
Event: 57689.364 GC heap before
{Heap before GC invocations=126 (full 0):
 garbage-first heap   total 905216K, used 590510K [0x0000000700000000, 0x0000000800000000)
  region size 2048K, 61 young (124928K), 3 survivors (6144K)
 Metaspace       used 85585K, committed 87616K, reserved 1179648K
  class space    used 8554K, committed 9344K, reserved 1048576K
}
Event: 57689.511 GC heap after
{Heap after GC invocations=127 (full 0):
 garbage-first heap   total 905216K, used 455439K [0x0000000700000000, 0x0000000800000000)
  region size 2048K, 8 young (16384K), 8 survivors (16384K)
 Metaspace       used 85585K, committed 87616K, reserved 1179648K
  class space    used 8554K, committed 9344K, reserved 1048576K
}
Event: 58200.223 GC heap before
{Heap before GC invocations=127 (full 0):
 garbage-first heap   total 905216K, used 656143K [0x0000000700000000, 0x0000000800000000)
  region size 2048K, 91 young (186368K), 8 survivors (16384K)
 Metaspace       used 87178K, committed 88832K, reserved 1179648K
  class space    used 8753K, committed 9472K, reserved 1048576K
}
Event: 58200.284 GC heap after
{Heap after GC invocations=128 (full 0):
 garbage-first heap   total 905216K, used 403873K [0x0000000700000000, 0x0000000800000000)
  region size 2048K, 2 young (4096K), 2 survivors (4096K)
 Metaspace       used 87178K, committed 88832K, reserved 1179648K
  class space    used 8753K, committed 9472K, reserved 1048576K
}
Event: 59175.022 GC heap before
{Heap before GC invocations=128 (full 0):
 garbage-first heap   total 905216K, used 754081K [0x0000000700000000, 0x0000000800000000)
  region size 2048K, 126 young (258048K), 2 survivors (4096K)
 Metaspace       used 87284K, committed 88832K, reserved 1179648K
  class space    used 8757K, committed 9472K, reserved 1048576K
}
Event: 59175.246 GC heap after
{Heap after GC invocations=129 (full 0):
 garbage-first heap   total 905216K, used 374902K [0x0000000700000000, 0x0000000800000000)
  region size 2048K, 8 young (16384K), 8 survivors (16384K)
 Metaspace       used 87284K, committed 88832K, reserved 1179648K
  class space    used 8757K, committed 9472K, reserved 1048576K
}
Event: 59179.645 GC heap before
{Heap before GC invocations=129 (full 0):
 garbage-first heap   total 905216K, used 436342K [0x0000000700000000, 0x0000000800000000)
  region size 2048K, 22 young (45056K), 8 survivors (16384K)
 Metaspace       used 87295K, committed 88832K, reserved 1179648K
  class space    used 8758K, committed 9472K, reserved 1048576K
}
Event: 59179.737 GC heap after
{Heap after GC invocations=130 (full 0):
 garbage-first heap   total 905216K, used 335097K [0x0000000700000000, 0x0000000800000000)
  region size 2048K, 2 young (4096K), 2 survivors (4096K)
 Metaspace       used 87295K, committed 88832K, reserved 1179648K
  class space    used 8758K, committed 9472K, reserved 1048576K
}

Dll operation events (12 events):
Event: 0.018 Loaded shared library c:\Users\rudra\.vscode\extensions\redhat.java-1.55.0-win32-x64\jre\21.0.11-win32-x86_64\bin\java.dll
Event: 0.128 Loaded shared library c:\Users\rudra\.vscode\extensions\redhat.java-1.55.0-win32-x64\jre\21.0.11-win32-x86_64\bin\zip.dll
Event: 0.165 Loaded shared library C:\Users\rudra\.vscode\extensions\redhat.java-1.55.0-win32-x64\jre\21.0.11-win32-x86_64\bin\instrument.dll
Event: 0.176 Loaded shared library C:\Users\rudra\.vscode\extensions\redhat.java-1.55.0-win32-x64\jre\21.0.11-win32-x86_64\bin\net.dll
Event: 0.180 Loaded shared library C:\Users\rudra\.vscode\extensions\redhat.java-1.55.0-win32-x64\jre\21.0.11-win32-x86_64\bin\nio.dll
Event: 0.186 Loaded shared library C:\Users\rudra\.vscode\extensions\redhat.java-1.55.0-win32-x64\jre\21.0.11-win32-x86_64\bin\zip.dll
Event: 0.215 Loaded shared library C:\Users\rudra\.vscode\extensions\redhat.java-1.55.0-win32-x64\jre\21.0.11-win32-x86_64\bin\jimage.dll
Event: 0.349 Loaded shared library c:\Users\rudra\.vscode\extensions\redhat.java-1.55.0-win32-x64\jre\21.0.11-win32-x86_64\bin\verify.dll
Event: 2.265 Loaded shared library C:\Users\rudra\AppData\Roaming\Code\User\globalStorage\redhat.java\1.55.0\config_win\org.eclipse.equinox.launcher\org.eclipse.equinox.launcher.win32.win32.x86_64_1.3.100.v20260613-0559\eclipse_11924.dll
Event: 6.205 Loaded shared library C:\Users\rudra\AppData\Local\Temp\jna-108866672\jna16994222492780915459.dll
Event: 8.530 Loaded shared library C:\Users\rudra\.vscode\extensions\redhat.java-1.55.0-win32-x64\jre\21.0.11-win32-x86_64\bin\sunmscapi.dll
Event: 8.957 Loaded shared library C:\Users\rudra\.vscode\extensions\redhat.java-1.55.0-win32-x64\jre\21.0.11-win32-x86_64\bin\extnet.dll

Deoptimization events (20 events):
Event: 59159.187 Thread 0x0000026da5ff0770 Uncommon trap: trap_request=0xffffffc6 fr.pc=0x0000026d4caf9c50 relative=0x00000000000018f0
Event: 59159.187 Thread 0x0000026da5ff0770 Uncommon trap: reason=bimorphic_or_optimized_type_check action=maybe_recompile pc=0x0000026d4caf9c50 method=org.eclipse.jdt.internal.compiler.parser.Parser.consumeToken(Lorg/eclipse/jdt/internal/compiler/parser/TerminalToken;)V @ 595 c2
Event: 59159.187 Thread 0x0000026da5ff0770 DEOPT PACKING pc=0x0000026d4caf9c50 sp=0x000000a5ee1fe110
Event: 59159.188 Thread 0x0000026da5ff0770 DEOPT UNPACKING pc=0x0000026d4bf14422 sp=0x000000a5ee1fe0d0 mode 2
Event: 59159.188 Thread 0x0000026da5ff0770 Uncommon trap: trap_request=0xffffffc6 fr.pc=0x0000026d4c824a5c relative=0x0000000000000adc
Event: 59159.188 Thread 0x0000026da5ff0770 Uncommon trap: reason=bimorphic_or_optimized_type_check action=maybe_recompile pc=0x0000026d4c824a5c method=org.eclipse.jdt.internal.compiler.parser.Parser.consumeRule(I)V @ 5715 c2
Event: 59159.188 Thread 0x0000026da5ff0770 DEOPT PACKING pc=0x0000026d4c824a5c sp=0x000000a5ee1fe160
Event: 59159.188 Thread 0x0000026da5ff0770 DEOPT UNPACKING pc=0x0000026d4bf14422 sp=0x000000a5ee1fe0f0 mode 2
Event: 59164.612 Thread 0x0000026da10761d0 DEOPT PACKING pc=0x0000026d44bab56b sp=0x000000a5ee5fd050
Event: 59164.613 Thread 0x0000026da10761d0 DEOPT UNPACKING pc=0x0000026d4bf14bc2 sp=0x000000a5ee5fc548 mode 0
Event: 59168.986 Thread 0x0000026da10761d0 DEOPT PACKING pc=0x0000026d45f56e20 sp=0x000000a5ee5ff120
Event: 59168.987 Thread 0x0000026da10761d0 DEOPT UNPACKING pc=0x0000026d4bf14bc2 sp=0x000000a5ee5fe618 mode 0
Event: 59175.004 Thread 0x0000026da5ff0e00 DEOPT PACKING pc=0x0000026d4656113d sp=0x000000a5ee6fe640
Event: 59175.005 Thread 0x0000026da5ff0e00 DEOPT UNPACKING pc=0x0000026d4bf14bc2 sp=0x000000a5ee6fdaf0 mode 0
Event: 59176.676 Thread 0x0000026db349c7d0 DEOPT PACKING pc=0x0000026d47ac2add sp=0x000000a5ee2fd670
Event: 59176.676 Thread 0x0000026db349c7d0 DEOPT UNPACKING pc=0x0000026d4bf14bc2 sp=0x000000a5ee2fcbf8 mode 0
Event: 59184.841 Thread 0x0000026da10761d0 DEOPT PACKING pc=0x0000026d455a216f sp=0x000000a5ee5fd8d0
Event: 59184.844 Thread 0x0000026da10761d0 DEOPT UNPACKING pc=0x0000026d4bf14bc2 sp=0x000000a5ee5fcdb8 mode 0
Event: 59185.123 Thread 0x0000026da10761d0 DEOPT PACKING pc=0x0000026d44afb21d sp=0x000000a5ee5feee0
Event: 59185.124 Thread 0x0000026da10761d0 DEOPT UNPACKING pc=0x0000026d4bf14bc2 sp=0x000000a5ee5fe438 mode 0

Classes loaded (20 events):
Event: 57597.757 Loading class jdk/internal/module/IllegalAccessLogger
Event: 57597.757 Loading class jdk/internal/module/IllegalAccessLogger done
Event: 57598.895 Loading class jdk/internal/module/IllegalAccessLogger
Event: 57598.895 Loading class jdk/internal/module/IllegalAccessLogger done
Event: 57690.066 Loading class jdk/internal/module/IllegalAccessLogger
Event: 57690.066 Loading class jdk/internal/module/IllegalAccessLogger done
Event: 58197.944 Loading class java/util/function/IntPredicate
Event: 58197.946 Loading class java/util/function/IntPredicate done
Event: 58198.098 Loading class java/util/regex/Pattern$Bound
Event: 58198.099 Loading class java/util/regex/Pattern$Bound done
Event: 59138.872 Loading class jdk/internal/module/IllegalAccessLogger
Event: 59138.874 Loading class jdk/internal/module/IllegalAccessLogger done
Event: 59156.636 Loading class jdk/internal/module/IllegalAccessLogger
Event: 59156.638 Loading class jdk/internal/module/IllegalAccessLogger done
Event: 59170.343 Loading class jdk/internal/module/IllegalAccessLogger
Event: 59170.345 Loading class jdk/internal/module/IllegalAccessLogger done
Event: 59175.976 Loading class jdk/internal/module/IllegalAccessLogger
Event: 59175.981 Loading class jdk/internal/module/IllegalAccessLogger done
Event: 59181.391 Loading class jdk/internal/module/IllegalAccessLogger
Event: 59181.395 Loading class jdk/internal/module/IllegalAccessLogger done

Classes unloaded (20 events):
Event: 57580.054 Thread 0x0000026d5bb0e2a0 Unloading class 0x0000026d5d7f1980 'org/apache/maven/shared/filtering/MavenResourcesFiltering'
Event: 57580.055 Thread 0x0000026d5bb0e2a0 Unloading class 0x0000026d5d7f16f0 'org/apache/maven/shared/filtering/DefaultMavenReaderFilter'
Event: 57580.055 Thread 0x0000026d5bb0e2a0 Unloading class 0x0000026d5d7f14f0 'org/apache/maven/shared/filtering/MavenReaderFilter'
Event: 57580.055 Thread 0x0000026d5bb0e2a0 Unloading class 0x0000026d5d7f1250 'org/apache/maven/shared/filtering/DefaultMavenFileFilter'
Event: 57580.055 Thread 0x0000026d5bb0e2a0 Unloading class 0x0000026d5d7f1000 'org/apache/maven/shared/filtering/BaseFilter'
Event: 57580.056 Thread 0x0000026d5bb0e2a0 Unloading class 0x0000026d5d7f0db8 'org/apache/maven/shared/filtering/MavenFileFilter'
Event: 57580.056 Thread 0x0000026d5bb0e2a0 Unloading class 0x0000026d5d7f0bb8 'org/apache/maven/shared/filtering/DefaultFilterInfo'
Event: 57580.056 Thread 0x0000026d5bb0e2a0 Unloading class 0x0000026d5d7f08a8 'org/apache/maven/plugins/resources/TestResourcesMojo'
Event: 57580.056 Thread 0x0000026d5bb0e2a0 Unloading class 0x0000026d5d7f0620 'org/apache/maven/plugins/maven_resources_plugin/HelpMojo'
Event: 57580.056 Thread 0x0000026d5bb0e2a0 Unloading class 0x0000026d5d7f0310 'org/apache/maven/plugins/resources/CopyResourcesMojo'
Event: 57580.056 Thread 0x0000026d5bb0e2a0 Unloading class 0x0000026d5d7f0000 'org/apache/maven/plugins/resources/ResourcesMojo'
Event: 57580.056 Thread 0x0000026d5bb0e2a0 Unloading class 0x0000026d5d6b5800 'java/lang/invoke/LambdaForm$MH+0x0000026d5d6b5800'
Event: 57580.056 Thread 0x0000026d5bb0e2a0 Unloading class 0x0000026d5d660c00 'java/lang/invoke/LambdaForm$MH+0x0000026d5d660c00'
Event: 57580.056 Thread 0x0000026d5bb0e2a0 Unloading class 0x0000026d5d660800 'java/lang/invoke/LambdaForm$MH+0x0000026d5d660800'
Event: 57580.057 Thread 0x0000026d5bb0e2a0 Unloading class 0x0000026d5d660000 'java/lang/invoke/LambdaForm$MH+0x0000026d5d660000'
Event: 57580.057 Thread 0x0000026d5bb0e2a0 Unloading class 0x0000026d5d171000 'java/lang/invoke/LambdaForm$MH+0x0000026d5d171000'
Event: 57580.057 Thread 0x0000026d5bb0e2a0 Unloading class 0x0000026d5d170800 'java/lang/invoke/LambdaForm$MH+0x0000026d5d170800'
Event: 57580.058 Thread 0x0000026d5bb0e2a0 Unloading class 0x0000026d5d170000 'java/lang/invoke/LambdaForm$MH+0x0000026d5d170000'
Event: 57580.059 Thread 0x0000026d5bb0e2a0 Unloading class 0x0000026d5d16fc00 'java/lang/invoke/LambdaForm$MH+0x0000026d5d16fc00'
Event: 57580.059 Thread 0x0000026d5bb0e2a0 Unloading class 0x0000026d5d16f800 'java/lang/invoke/LambdaForm$MH+0x0000026d5d16f800'

Classes redefined (0 events):
No events

Internal exceptions (20 events):
Event: 59185.153 Thread 0x0000026da10761d0 Implicit null exception at 0x0000026d467a462a to 0x0000026d467a4c2c
Event: 59185.153 Thread 0x0000026da10761d0 Exception <a 'java/lang/NullPointerException'{0x00000007fc107878}> (0x00000007fc107878) 
thrown [s\src\hotspot\share\runtime\sharedRuntime.cpp, line 625]
Event: 59185.161 Thread 0x0000026da10761d0 Implicit null exception at 0x0000026d467a462a to 0x0000026d467a4c2c
Event: 59185.161 Thread 0x0000026da10761d0 Exception <a 'java/lang/NullPointerException'{0x00000007fc108cd8}> (0x00000007fc108cd8) 
thrown [s\src\hotspot\share\runtime\sharedRuntime.cpp, line 625]
Event: 59185.164 Thread 0x0000026da10761d0 Implicit null exception at 0x0000026d467a462a to 0x0000026d467a4c2c
Event: 59185.165 Thread 0x0000026da10761d0 Exception <a 'java/lang/NullPointerException'{0x00000007fc1096b0}> (0x00000007fc1096b0) 
thrown [s\src\hotspot\share\runtime\sharedRuntime.cpp, line 625]
Event: 59185.167 Thread 0x0000026da10761d0 Implicit null exception at 0x0000026d467a462a to 0x0000026d467a4c2c
Event: 59185.168 Thread 0x0000026da10761d0 Exception <a 'java/lang/NullPointerException'{0x00000007fc10a130}> (0x00000007fc10a130) 
thrown [s\src\hotspot\share\runtime\sharedRuntime.cpp, line 625]
Event: 59185.170 Thread 0x0000026da10761d0 Implicit null exception at 0x0000026d467a462a to 0x0000026d467a4c2c
Event: 59185.171 Thread 0x0000026da10761d0 Exception <a 'java/lang/NullPointerException'{0x00000007fc10ac48}> (0x00000007fc10ac48) 
thrown [s\src\hotspot\share\runtime\sharedRuntime.cpp, line 625]
Event: 59185.173 Thread 0x0000026da10761d0 Implicit null exception at 0x0000026d467a462a to 0x0000026d467a4c2c
Event: 59185.173 Thread 0x0000026da10761d0 Exception <a 'java/lang/NullPointerException'{0x00000007fc10b398}> (0x00000007fc10b398) 
thrown [s\src\hotspot\share\runtime\sharedRuntime.cpp, line 625]
Event: 59185.173 Thread 0x0000026da10761d0 Implicit null exception at 0x0000026d467a462a to 0x0000026d467a4c2c
Event: 59185.173 Thread 0x0000026da10761d0 Exception <a 'java/lang/NullPointerException'{0x00000007fc10b8d0}> (0x00000007fc10b8d0) 
thrown [s\src\hotspot\share\runtime\sharedRuntime.cpp, line 625]
Event: 59187.870 Thread 0x0000026da10761d0 Implicit null exception at 0x0000026d467a462a to 0x0000026d467a4c2c
Event: 59187.871 Thread 0x0000026da10761d0 Exception <a 'java/lang/NullPointerException'{0x0000000732949d70}> (0x0000000732949d70) 
thrown [s\src\hotspot\share\runtime\sharedRuntime.cpp, line 625]
Event: 59187.871 Thread 0x0000026da10761d0 Implicit null exception at 0x0000026d467a462a to 0x0000026d467a4c2c
Event: 59187.871 Thread 0x0000026da10761d0 Exception <a 'java/lang/NullPointerException'{0x000000073294a4e0}> (0x000000073294a4e0) 
thrown [s\src\hotspot\share\runtime\sharedRuntime.cpp, line 625]
Event: 59187.871 Thread 0x0000026da10761d0 Implicit null exception at 0x0000026d467a462a to 0x0000026d467a4c2c
Event: 59187.871 Thread 0x0000026da10761d0 Exception <a 'java/lang/NullPointerException'{0x000000073294abc8}> (0x000000073294abc8) 
thrown [s\src\hotspot\share\runtime\sharedRuntime.cpp, line 625]

ZGC Phase Switch (0 events):
No events

VM Operations (20 events):
Event: 59179.643 Executing safepoint VM operation: G1CollectForAllocation (G1 Evacuation Pause)
Event: 59179.737 Executing safepoint VM operation: G1CollectForAllocation (G1 Evacuation Pause) done
Event: 59179.908 Executing non-safepoint VM operation: HandshakeAllThreads (HandshakeForDeflation)
Event: 59180.013 Executing non-safepoint VM operation: HandshakeAllThreads (HandshakeForDeflation) done
Event: 59180.013 Executing non-safepoint VM operation: RendezvousGCThreads
Event: 59180.013 Executing non-safepoint VM operation: RendezvousGCThreads done
Event: 59182.026 Executing safepoint VM operation: Cleanup
Event: 59182.043 Executing safepoint VM operation: Cleanup done
Event: 59183.059 Executing safepoint VM operation: Cleanup
Event: 59183.085 Executing safepoint VM operation: Cleanup done
Event: 59184.095 Executing safepoint VM operation: Cleanup
Event: 59184.111 Executing safepoint VM operation: Cleanup done
Event: 59185.120 Executing safepoint VM operation: Cleanup
Event: 59185.120 Executing safepoint VM operation: Cleanup done
Event: 59186.134 Executing safepoint VM operation: Cleanup
Event: 59186.149 Executing safepoint VM operation: Cleanup done
Event: 59188.169 Executing safepoint VM operation: Cleanup
Event: 59188.170 Executing safepoint VM operation: Cleanup done
Event: 59190.190 Executing safepoint VM operation: Cleanup
Event: 59190.190 Executing safepoint VM operation: Cleanup done

Memory protections (0 events):
No events

Nmethod flushes (20 events):
Event: 57581.367 Thread 0x0000026d5bb0e2a0 flushing  nmethod 0x0000026d460b9a90
Event: 57581.367 Thread 0x0000026d5bb0e2a0 flushing  nmethod 0x0000026d460bac10
Event: 57581.367 Thread 0x0000026d5bb0e2a0 flushing  nmethod 0x0000026d460baf90
Event: 57581.367 Thread 0x0000026d5bb0e2a0 flushing  nmethod 0x0000026d460c3790
Event: 57581.367 Thread 0x0000026d5bb0e2a0 flushing  nmethod 0x0000026d460c6e10
Event: 57581.367 Thread 0x0000026d5bb0e2a0 flushing  nmethod 0x0000026d461f5510
Event: 57581.367 Thread 0x0000026d5bb0e2a0 flushing  nmethod 0x0000026d461f6690
Event: 57581.367 Thread 0x0000026d5bb0e2a0 flushing  nmethod 0x0000026d461f7610
Event: 57581.367 Thread 0x0000026d5bb0e2a0 flushing  nmethod 0x0000026d461f8b90
Event: 57581.367 Thread 0x0000026d5bb0e2a0 flushing  nmethod 0x0000026d461f9590
Event: 57581.367 Thread 0x0000026d5bb0e2a0 flushing  nmethod 0x0000026d461fa910
Event: 57581.367 Thread 0x0000026d5bb0e2a0 flushing  nmethod 0x0000026d4626f410
Event: 57581.369 Thread 0x0000026d5bb0e2a0 flushing  nmethod 0x0000026d46270890
Event: 57581.369 Thread 0x0000026d5bb0e2a0 flushing  nmethod 0x0000026d46271990
Event: 57581.369 Thread 0x0000026d5bb0e2a0 flushing  nmethod 0x0000026d4640eb10
Event: 57581.369 Thread 0x0000026d5bb0e2a0 flushing  nmethod 0x0000026d46412890
Event: 57581.369 Thread 0x0000026d5bb0e2a0 flushing  nmethod 0x0000026d46413c90
Event: 57581.369 Thread 0x0000026d5bb0e2a0 flushing  nmethod 0x0000026d46488890
Event: 57581.369 Thread 0x0000026d5bb0e2a0 flushing  nmethod 0x0000026d46490b10
Event: 57581.369 Thread 0x0000026d5bb0e2a0 flushing osr nmethod 0x0000026d46493110

Events (20 events):
Event: 58187.531 Thread 0x0000026db349b420 Thread exited: 0x0000026db349b420
Event: 58260.314 Thread 0x0000026db8774440 Thread exited: 0x0000026db8774440
Event: 58320.310 Thread 0x0000026da1f23770 Thread exited: 0x0000026da1f23770
Event: 58380.323 Thread 0x0000026db8774ad0 Thread exited: 0x0000026db8774ad0
Event: 58440.327 Thread 0x0000026da5ff0770 Thread exited: 0x0000026da5ff0770
Event: 58496.107 Thread 0x0000026db8775160 Thread exited: 0x0000026db8775160
Event: 58500.338 Thread 0x0000026db349ce60 Thread exited: 0x0000026db349ce60
Event: 58560.346 Thread 0x0000026db371f5b0 Thread exited: 0x0000026db371f5b0
Event: 58620.360 Thread 0x0000026db87757f0 Thread exited: 0x0000026db87757f0
Event: 58680.374 Thread 0x0000026db8773db0 Thread exited: 0x0000026db8773db0
Event: 58740.374 Thread 0x0000026da5ff0e00 Thread exited: 0x0000026da5ff0e00
Event: 59137.416 Thread 0x0000026db37223a0 Thread added: 0x0000026db349b420
Event: 59138.443 Thread 0x0000026da3353090 Thread added: 0x0000026da5ff0770
Event: 59138.940 Thread 0x0000026db37223a0 Thread added: 0x0000026db349c7d0
Event: 59141.762 Thread 0x0000026da3353090 Thread added: 0x0000026da5ff0e00
Event: 59154.232 Thread 0x0000026da5ff0e00 Thread added: 0x0000026db87757f0
Event: 59169.622 Thread 0x0000026da5ff0770 Thread added: 0x0000026db85d2ae0
Event: 59172.545 Thread 0x0000026da5ff0e00 Thread added: 0x0000026db8775e80
Event: 59174.856 Thread 0x0000026da5ff0e00 Thread added: 0x0000026da9da4b30
Event: 59181.258 Thread 0x0000026db8775e80 Thread added: 0x0000026db392b060


Dynamic libraries:
0x00007ff6ca1c0000 - 0x00007ff6ca1ce000 	c:\Users\rudra\.vscode\extensions\redhat.java-1.55.0-win32-x64\jre\21.0.11-win32-x86_64\bin\java.exe
0x00007fffe8e00000 - 0x00007fffe9066000 	C:\WINDOWS\SYSTEM32\ntdll.dll
0x00007fffe7910000 - 0x00007fffe79d9000 	C:\WINDOWS\System32\KERNEL32.DLL
0x00007fffe6010000 - 0x00007fffe640f000 	C:\WINDOWS\System32\KERNELBASE.dll
0x00007fffe6770000 - 0x00007fffe68bc000 	C:\WINDOWS\System32\ucrtbase.dll
0x00007fffa6f90000 - 0x00007fffa6fa8000 	c:\Users\rudra\.vscode\extensions\redhat.java-1.55.0-win32-x64\jre\21.0.11-win32-x86_64\bin\jli.dll
0x00007fffa6fb0000 - 0x00007fffa6fce000 	c:\Users\rudra\.vscode\extensions\redhat.java-1.55.0-win32-x64\jre\21.0.11-win32-x86_64\bin\VCRUNTIME140.dll
0x00007fffe7bd0000 - 0x00007fffe7d96000 	C:\WINDOWS\System32\USER32.dll
0x00007fffe68d0000 - 0x00007fffe68f7000 	C:\WINDOWS\System32\win32u.dll
0x00007fffca740000 - 0x00007fffca9d1000 	C:\WINDOWS\WinSxS\amd64_microsoft.windows.common-controls_6595b64144ccf1df_6.0.26100.8972_none_3e0da176e32f9d4b\COMCTL32.dll
0x00007fffe7a10000 - 0x00007fffe7a3b000 	C:\WINDOWS\System32\GDI32.dll
0x00007fffe65b0000 - 0x00007fffe66d9000 	C:\WINDOWS\System32\gdi32full.dll
0x00007fffe7b20000 - 0x00007fffe7bc9000 	C:\WINDOWS\System32\msvcrt.dll
0x00007fffe6a80000 - 0x00007fffe6b23000 	C:\WINDOWS\System32\msvcp_win.dll
0x00007fffe6b30000 - 0x00007fffe6b62000 	C:\WINDOWS\System32\IMM32.DLL
0x00007fffcfab0000 - 0x00007fffcfabc000 	c:\Users\rudra\.vscode\extensions\redhat.java-1.55.0-win32-x64\jre\21.0.11-win32-x86_64\bin\vcruntime140_1.dll
0x00007fff954f0000 - 0x00007fff9557d000 	c:\Users\rudra\.vscode\extensions\redhat.java-1.55.0-win32-x64\jre\21.0.11-win32-x86_64\bin\msvcp140.dll
0x00007fff4e270000 - 0x00007fff4f012000 	c:\Users\rudra\.vscode\extensions\redhat.java-1.55.0-win32-x64\jre\21.0.11-win32-x86_64\bin\server\jvm.dll
0x00007fffe8b60000 - 0x00007fffe8c1c000 	C:\WINDOWS\System32\ADVAPI32.dll
0x00007fffe7310000 - 0x00007fffe73ba000 	C:\WINDOWS\System32\sechost.dll
0x00007fffe8c30000 - 0x00007fffe8d48000 	C:\WINDOWS\System32\RPCRT4.dll
0x00007fffe7a90000 - 0x00007fffe7b12000 	C:\WINDOWS\System32\WS2_32.dll
0x00007fffe5e70000 - 0x00007fffe5ece000 	C:\WINDOWS\SYSTEM32\POWRPROF.dll
0x00007fffd8430000 - 0x00007fffd8466000 	C:\WINDOWS\SYSTEM32\WINMM.dll
0x00007fffdd120000 - 0x00007fffdd12b000 	C:\WINDOWS\SYSTEM32\VERSION.dll
0x00007fffe5e50000 - 0x00007fffe5e65000 	C:\WINDOWS\SYSTEM32\UMPDC.dll
0x00007fffe4d00000 - 0x00007fffe4d1b000 	C:\WINDOWS\SYSTEM32\kernel.appcore.dll
0x00007fffce4c0000 - 0x00007fffce4ca000 	c:\Users\rudra\.vscode\extensions\redhat.java-1.55.0-win32-x64\jre\21.0.11-win32-x86_64\bin\jimage.dll
0x00007fffe2c90000 - 0x00007fffe2ed2000 	C:\WINDOWS\SYSTEM32\DBGHELP.DLL
0x00007fffe73e0000 - 0x00007fffe7765000 	C:\WINDOWS\System32\combase.dll
0x00007fffe8340000 - 0x00007fffe8419000 	C:\WINDOWS\System32\OLEAUT32.dll
0x00007fffc3580000 - 0x00007fffc35bb000 	C:\WINDOWS\SYSTEM32\dbgcore.DLL
0x00007fffe69c0000 - 0x00007fffe6a6c000 	C:\WINDOWS\System32\bcryptPrimitives.dll
0x00007fffcd1a0000 - 0x00007fffcd1af000 	c:\Users\rudra\.vscode\extensions\redhat.java-1.55.0-win32-x64\jre\21.0.11-win32-x86_64\bin\instrument.dll
0x00007fffa6ac0000 - 0x00007fffa6ae0000 	c:\Users\rudra\.vscode\extensions\redhat.java-1.55.0-win32-x64\jre\21.0.11-win32-x86_64\bin\java.dll
0x00007fffe6b80000 - 0x00007fffe7308000 	C:\WINDOWS\System32\SHELL32.dll
0x00007fffe3a90000 - 0x00007fffe432b000 	C:\WINDOWS\SYSTEM32\windows.storage.dll
0x00007fffe8420000 - 0x00007fffe8519000 	C:\WINDOWS\System32\SHCORE.dll
0x00007fffe8d50000 - 0x00007fffe8db6000 	C:\WINDOWS\System32\shlwapi.dll
0x00007fffe5f30000 - 0x00007fffe5f59000 	C:\WINDOWS\SYSTEM32\profapi.dll
0x00007fffa5c20000 - 0x00007fffa5c38000 	c:\Users\rudra\.vscode\extensions\redhat.java-1.55.0-win32-x64\jre\21.0.11-win32-x86_64\bin\zip.dll
0x00007fffcce30000 - 0x00007fffcce40000 	C:\Users\rudra\.vscode\extensions\redhat.java-1.55.0-win32-x64\jre\21.0.11-win32-x86_64\bin\net.dll
0x00007fffdee30000 - 0x00007fffdef58000 	C:\WINDOWS\SYSTEM32\WINHTTP.dll
0x00007fffe52b0000 - 0x00007fffe531c000 	C:\WINDOWS\system32\mswsock.dll
0x00007fffa5c00000 - 0x00007fffa5c16000 	C:\Users\rudra\.vscode\extensions\redhat.java-1.55.0-win32-x64\jre\21.0.11-win32-x86_64\bin\nio.dll
0x00007fffca560000 - 0x00007fffca570000 	c:\Users\rudra\.vscode\extensions\redhat.java-1.55.0-win32-x64\jre\21.0.11-win32-x86_64\bin\verify.dll
0x00007fff95350000 - 0x00007fff95395000 	C:\Users\rudra\AppData\Roaming\Code\User\globalStorage\redhat.java\1.55.0\config_win\org.eclipse.equinox.launcher\org.eclipse.equinox.launcher.win32.win32.x86_64_1.3.100.v20260613-0559\eclipse_11924.dll
0x00007fffe7770000 - 0x00007fffe7909000 	C:\WINDOWS\System32\ole32.dll
0x00007fffe55a0000 - 0x00007fffe55bb000 	C:\WINDOWS\SYSTEM32\CRYPTSP.dll
0x00007fffe4c60000 - 0x00007fffe4c99000 	C:\WINDOWS\system32\rsaenh.dll
0x00007fffe5360000 - 0x00007fffe5392000 	C:\WINDOWS\SYSTEM32\USERENV.dll
0x00007fffe5f00000 - 0x00007fffe5f2a000 	C:\WINDOWS\SYSTEM32\bcrypt.dll
0x00007fffe55c0000 - 0x00007fffe55cc000 	C:\WINDOWS\SYSTEM32\CRYPTBASE.dll
0x00007fffe4740000 - 0x00007fffe4773000 	C:\WINDOWS\SYSTEM32\IPHLPAPI.DLL
0x00007fffe6b70000 - 0x00007fffe6b7a000 	C:\WINDOWS\System32\NSI.dll
0x00007fffb13c0000 - 0x00007fffb1409000 	C:\Users\rudra\AppData\Local\Temp\jna-108866672\jna16994222492780915459.dll
0x00007fffe8520000 - 0x00007fffe8528000 	C:\WINDOWS\System32\PSAPI.DLL
0x00007fffe0310000 - 0x00007fffe032d000 	C:\WINDOWS\SYSTEM32\dhcpcsvc6.DLL
0x00007fffe01c0000 - 0x00007fffe01e5000 	C:\WINDOWS\SYSTEM32\dhcpcsvc.DLL
0x00007fffd6c30000 - 0x00007fffd6c3e000 	C:\Users\rudra\.vscode\extensions\redhat.java-1.55.0-win32-x64\jre\21.0.11-win32-x86_64\bin\sunmscapi.dll
0x00007fffe6420000 - 0x00007fffe659e000 	C:\WINDOWS\System32\CRYPT32.dll
0x00007fffe57e0000 - 0x00007fffe5810000 	C:\WINDOWS\SYSTEM32\ncrypt.dll
0x00007fffe5790000 - 0x00007fffe57cf000 	C:\WINDOWS\SYSTEM32\NTASN1.dll
0x00007fffe4820000 - 0x00007fffe4978000 	C:\WINDOWS\SYSTEM32\DNSAPI.dll
0x00007fffe5090000 - 0x00007fffe509d000 	C:\WINDOWS\SYSTEM32\DSPARSE.dll
0x00007fffdebb0000 - 0x00007fffdebbb000 	C:\Windows\System32\rasadhlp.dll
0x00007fffe0460000 - 0x00007fffe04e6000 	C:\WINDOWS\System32\fwpuclnt.dll
0x00007fffd6a90000 - 0x00007fffd6a99000 	C:\Users\rudra\.vscode\extensions\redhat.java-1.55.0-win32-x64\jre\21.0.11-win32-x86_64\bin\extnet.dll

JVMTI agents:
c:\Users\rudra\.vscode\extensions\redhat.java-1.55.0-win32-x64\lombok\lombok-1.18.39-4050.jar path:c:\Users\rudra\.vscode\extensions\redhat.java-1.55.0-win32-x64\jre\21.0.11-win32-x86_64\bin\instrument.dll, loaded, initialized, instrumentlib options:none

dbghelp: loaded successfully - version: 4.0.5 - missing functions: none
symbol engine: initialized successfully - sym options: 0x614 - pdb path: .;c:\Users\rudra\.vscode\extensions\redhat.java-1.55.0-win32-x64\jre\21.0.11-win32-x86_64\bin;C:\WINDOWS\SYSTEM32;C:\WINDOWS\WinSxS\amd64_microsoft.windows.common-controls_6595b64144ccf1df_6.0.26100.8972_none_3e0da176e32f9d4b;c:\Users\rudra\.vscode\extensions\redhat.java-1.55.0-win32-x64\jre\21.0.11-win32-x86_64\bin\server;C:\Users\rudra\AppData\Roaming\Code\User\globalStorage\redhat.java\1.55.0\config_win\org.eclipse.equinox.launcher\org.eclipse.equinox.launcher.win32.win32.x86_64_1.3.100.v20260613-0559;C:\Users\rudra\AppData\Local\Temp\jna-108866672

VM Arguments:
jvm_args: --add-modules=ALL-SYSTEM --add-opens=java.base/java.util=ALL-UNNAMED --add-opens=java.base/java.lang=ALL-UNNAMED --add-opens=java.base/sun.nio.fs=ALL-UNNAMED -Declipse.application=org.eclipse.jdt.ls.core.id1 -Dosgi.bundles.defaultStartLevel=4 -Declipse.product=org.eclipse.jdt.ls.core.product -Djava.import.generatesMetadataFilesAtProjectRoot=false -DDetectVMInstallationsJob.disabled=true -Dfile.encoding=utf8 -Xlog:disable -Xmx4G -XX:+UseG1GC -XX:+UseStringDeduplication -javaagent:c:\Users\rudra\.vscode\extensions\redhat.java-1.55.0-win32-x64\lombok\lombok-1.18.39-4050.jar -XX:+HeapDumpOnOutOfMemoryError -XX:HeapDumpPath=c:\Users\rudra\AppData\Roaming\Code\User\workspaceStorage\086a3813734a799be09e0ee9bd3557e7\redhat.java -Daether.dependencyCollector.impl=bf 
java_command: c:\Users\rudra\.vscode\extensions\redhat.java-1.55.0-win32-x64\server\plugins\org.eclipse.equinox.launcher_1.7.200.v20260619-2039.jar -configuration c:\Users\rudra\AppData\Roaming\Code\User\globalStorage\redhat.java\1.55.0\config_win -data c:\Users\rudra\AppData\Roaming\Code\User\workspaceStorage\086a3813734a799be09e0ee9bd3557e7\redhat.java\jdt_ws --pipe=\\.\pipe\lsp-abe13b9de16577a2dfe3b70f44730d69-sock
java_class_path (initial): c:\Users\rudra\.vscode\extensions\redhat.java-1.55.0-win32-x64\server\plugins\org.eclipse.equinox.launcher_1.7.200.v20260619-2039.jar
Launcher Type: SUN_STANDARD

[Global flags]
     intx CICompilerCount                          = 4                                         {product} {ergonomic}
     uint ConcGCThreads                            = 3                                         {product} {ergonomic}
     uint G1ConcRefinementThreads                  = 10                                        {product} {ergonomic}
   size_t G1HeapRegionSize                         = 2097152                                   {product} {ergonomic}
    uintx GCDrainStackTargetSize                   = 64                                        {product} {ergonomic}
     bool HeapDumpOnOutOfMemoryError               = true                                   {manageable} {command line}
    ccstr HeapDumpPath                             = c:\Users\rudra\AppData\Roaming\Code\User\workspaceStorage\086a3813734a799be09e0ee9bd3557e7\redhat.java         {manageable} {command line}
   size_t InitialHeapSize                          = 121634816                                 {product} {ergonomic}
   size_t MarkStackSize                            = 4194304                                   {product} {ergonomic}
   size_t MaxHeapSize                              = 4294967296                                {product} {command line}
   size_t MaxNewSize                               = 2575302656                                {product} {ergonomic}
   size_t MinHeapDeltaBytes                        = 2097152                                   {product} {ergonomic}
   size_t MinHeapSize                              = 8388608                                   {product} {ergonomic}
    uintx NonNMethodCodeHeapSize                   = 5839372                                {pd product} {ergonomic}
    uintx NonProfiledCodeHeapSize                  = 122909434                              {pd product} {ergonomic}
    uintx ProfiledCodeHeapSize                     = 122909434                              {pd product} {ergonomic}
    uintx ReservedCodeCacheSize                    = 251658240                              {pd product} {ergonomic}
     bool SegmentedCodeCache                       = true                                      {product} {ergonomic}
   size_t SoftMaxHeapSize                          = 4294967296                             {manageable} {ergonomic}
     bool UseCompressedOops                        = true                           {product lp64_product} {ergonomic}
     bool UseG1GC                                  = true                                      {product} {command line}
     bool UseLargePagesIndividualAllocation        = false                                  {pd product} {ergonomic}
     bool UseStringDeduplication                   = true                                      {product} {command line}

Logging:
Log output configuration:
 #0: stdout all=off uptime,level,tags foldmultilines=false
 #1: stderr all=off uptime,level,tags foldmultilines=false

Release file:
JAVA_VERSION="21.0.11" 
MODULES="java.base java.compiler java.datatransfer java.xml java.prefs java.desktop java.instrument java.logging java.management java.security.sasl java.naming java.rmi java.management.rmi java.net.http java.scripting java.security.jgss java.transaction.xa java.sql java.sql.rowset java.xml.crypto java.se java.smartcardio jdk.accessibility jdk.internal.jvmstat jdk.attach jdk.charsets jdk.internal.opt jdk.zipfs jdk.compiler jdk.crypto.ec jdk.crypto.cryptoki jdk.crypto.mscapi jdk.dynalink jdk.internal.ed jdk.editpad jdk.hotspot.agent jdk.httpserver jdk.internal.le jdk.internal.vm.ci jdk.internal.vm.compiler jdk.internal.vm.compiler.management jdk.jartool jdk.javadoc jdk.jcmd jdk.management jdk.management.agent jdk.jconsole jdk.jdeps jdk.jdwp.agent jdk.jdi jdk.jfr jdk.jshell jdk.jsobject jdk.jstatd jdk.localedata jdk.management.jfr jdk.naming.dns jdk.naming.rmi jdk.net jdk.nio.mapmode jdk.random jdk.sctp jdk.security.auth jdk.security.jgss jdk.unsupported jdk.unsupported.desktop jdk.xml.dom" 

Environment Variables:
PATH=C:\Program Files\Common Files\Oracle\Java\javapath;C:\WINDOWS\system32;C:\WINDOWS;C:\WINDOWS\System32\Wbem;C:\WINDOWS\System32\WindowsPowerShell\v1.0\;C:\WINDOWS\System32\OpenSSH\;C:\Program Files\Docker\Docker\resources\bin;C:\Program Files\nodejs\;C:\Program Files\Java\jdk-21.0.10\bin;C:\Program Files\Java\jdk-25.0.2\bin;C:\Python313\Lib;C:\Program Files\Git\cmd;C:\Program Files\nodejs\node_modules\npm\bin;C:\Python313\include;C:\Python313\Scripts;C:\apache-maven-3.9.10\bin;C:\Program Files (x86)\cloudflared\;C:\Program Files\Cloudflare\Cloudflare WARP\;C:\Users\rudra\AppData\Local\Microsoft\WindowsApps;C:\Users\rudra\AppData\Local\Programs\Microsoft VS Code\bin;C:\Users\rudra\AppData\Roaming\npm;C:\Users\rudra\AppData\Local\GitHubDesktop\bin;C:\Program Files\Java\jdk-21.0.10\bin;C:\Program Files\Java\jdk-25.0.2\bin;C:\Program Files\nodejs;C:\Python313\Lib;C:\Program Files\nodejs\node_modules\npm\bin;C:\Users\rudra\AppData\Local\Programs\Antigravity\bin;C:\Python313\include;C:\Python313\Scripts;C:\apache-maven-3.9.10\bin;D:\IntelliJ IDEA 2026.2.1\bin;C:\Users\rudra\AppData\Local\Programs\Antigravity IDE\bin
USERNAME=rudra
OS=Windows_NT
PROCESSOR_IDENTIFIER=AMD64 Family 25 Model 68 Stepping 1, AuthenticAMD
TMP=C:\Users\rudra\AppData\Local\Temp
TEMP=C:\Users\rudra\AppData\Local\Temp




Periodic native trim disabled

---------------  S Y S T E M  ---------------

OS:
 Windows 11 , 64 bit Build 26100 (10.0.26100.9168)
OS uptime: 1 days 21:12 hours
Hyper-V role detected

CPU: total 12 (initial active 12) (12 cores per cpu, 2 threads per core) family 25 model 68 stepping 1 microcode 0xa404107, cx8, cmov, fxsr, ht, mmx, 3dnowpref, sse, sse2, sse3, ssse3, sse4a, sse4.1, sse4.2, popcnt, lzcnt, tsc, tscinvbit, avx, avx2, aes, erms, clmul, bmi1, bmi2, adx, sha, fma, vzeroupper, clflush, clflushopt, hv, rdtscp, rdpid, fsrm, f16c, cet_ss
Processor Information for processor 0
  Max Mhz: 3301, Current Mhz: 2496, Mhz Limit: 3301
Processor Information for processor 1
  Max Mhz: 3301, Current Mhz: 2496, Mhz Limit: 3301
Processor Information for processor 2
  Max Mhz: 3301, Current Mhz: 2496, Mhz Limit: 3301
Processor Information for processor 3
  Max Mhz: 3301, Current Mhz: 2496, Mhz Limit: 3301
Processor Information for processor 4
  Max Mhz: 3301, Current Mhz: 2024, Mhz Limit: 3301
Processor Information for processor 5
  Max Mhz: 3301, Current Mhz: 2496, Mhz Limit: 3301
Processor Information for processor 6
  Max Mhz: 3301, Current Mhz: 2024, Mhz Limit: 3301
Processor Information for processor 7
  Max Mhz: 3301, Current Mhz: 2024, Mhz Limit: 3301
Processor Information for processor 8
  Max Mhz: 3301, Current Mhz: 2024, Mhz Limit: 3301
Processor Information for processor 9
  Max Mhz: 3301, Current Mhz: 2496, Mhz Limit: 3301
Processor Information for processor 10
  Max Mhz: 3301, Current Mhz: 2024, Mhz Limit: 3301
Processor Information for processor 11
  Max Mhz: 3301, Current Mhz: 2024, Mhz Limit: 3301

Memory: 4k page, system-wide physical 7381M (17M free)
TotalPageFile size 29909M (AvailPageFile size 16M)
current process WorkingSet (physical memory assigned to process): 7M, peak: 713M
current process commit charge ("private bytes"): 1258M, peak: 1261M

vm_info: OpenJDK 64-Bit Server VM (21.0.11+10-LTS) for windows-amd64 JRE (21.0.11+10-LTS), built on 2026-04-21T00:00:00Z by "admin" with MS VC++ 17.12 (VS2022)

END.
